Interface,Signal Name,Description,Direction,PinName,Function Number,Function select register,,,,,,,,
ADC,(ADC1),,I,ADC1,0,"FMUX_GPIO_REG_IOCTRL_ADC1
0x0300_10F8",,,,,,,,
,(ADC2),,I,ADC2,0,"FMUX_GPIO_REG_IOCTRL_ADC2
0x0300_10F4",,,,,,,,
,(ADC3),,I,ADC3,0,"FMUX_GPIO_REG_IOCTRL_ADC3
0x0300_10F0",,,,,,,,
No die domain ADC,PWR_GPIO[2](PWRSAR.VIN1),,I,PWR_GPIO2,0,"FMUX_GPIO_REG_IOCTRL_PWR_GPIO2
0x0300_10AC",,,,,,,,
,PWR_GPIO[1](PWRSAR1.VIN2),,I,PWR_GPIO1,0,"FMUX_GPIO_REG_IOCTRL_PWR_GPIO1
0x0300_10A8",,,,,,,,
,PWR_VBAT_DET(PWRSAR.VIN3),,I,PWR_VBAT_DET,0,"FMUX_GPIO_REG_IOCTRL_PWR_VBAT_DET
0x0300_107C",,,,,,,,
Audio,(PAD_AUD_AINL_MIC),,I,PAD_AUD_AINL_MIC,0,"FMUX_GPIO_REG_IOCTRL_PAD_AUD_AINL_MIC
0x0300_11BC",,,,,,,,
,(PAD_AUD_AINR_MIC),,I,PAD_AUD_AINR_MIC,0,"FMUX_GPIO_REG_IOCTRL_PAD_AUD_AINR_MIC
0x0300_11C0",,,,,,,,
,(PAD_AUD_AOUTL),,O,PAD_AUD_AOUTL,0,"FMUX_GPIO_REG_IOCTRL_PAD_AUD_AOUTL
0x0300_11C4",,,,,,,,
,(PAD_AUD_AOUTR),,O,PAD_AUD_AOUTR,0,"FMUX_GPIO_REG_IOCTRL_PAD_AUD_AOUTR
0x0300_11C8",,,,,,,,
Ethernet,(PAD_ETH_RXM),,I/O,PAD_ETH_RXM___EPHY_TXP,0,"FMUX_GPIO_REG_IOCTRL_PAD_ETH_RXM
0x0300_1130",,,,,,,,
,(PAD_ETH_RXP),,I/O,PAD_ETH_RXP___EPHY_TXN,0,"FMUX_GPIO_REG_IOCTRL_PAD_ETH_RXP
0x0300_112C",,,,,,,,
,(PAD_ETH_TXM),,I/O,PAD_ETH_TXM___EPHY_RXP,0,"FMUX_GPIO_REG_IOCTRL_PAD_ETH_TXM
0x0300_1128",,,,,,,,
,(PAD_ETH_TXP),,I/O,PAD_ETH_TXP___EPHY_RXN,0,"FMUX_GPIO_REG_IOCTRL_PAD_ETH_TXP
0x0300_1124",,,,,,,,
,EPHY_LNK_LED,,O,SD0_CLK,6,"FMUX_GPIO_REG_IOCTRL_SD0_CLK
0x0300_101C",,,,,,,,
,EPHY_LNK_LED,,O,PWR_WAKEUP0,6,"FMUX_GPIO_REG_IOCTRL_PWR_WAKEUP0
0x0300_1090",,,,,,,,
,EPHY_LNK_LED,,O,PWR_WAKEUP1,6,"FMUX_GPIO_REG_IOCTRL_PWR_WAKEUP1
0x0300_1094",,,,,,,,
,EPHY_LNK_LED,,O,SD1_CMD,5,"FMUX_GPIO_REG_IOCTRL_SD1_CMD
0x0300_10E0",,,,,,,,
,EPHY_LNK_LED,,O,ADC3,5,"FMUX_GPIO_REG_IOCTRL_ADC3
0x0300_10F0",,,,,,,,
,EPHY_LNK_LED,,O,PWR_GPIO1,3,"FMUX_GPIO_REG_IOCTRL_PWR_GPIO1
0x0300_10A8",,,,,,,,
,EPHY_SPD_LED,,O,SD0_CMD,6,"FMUX_GPIO_REG_IOCTRL_SD0_CMD
0x0300_1020",,,,,,,,
,EPHY_SPD_LED,,O,PWR_BUTTON1,6,"FMUX_GPIO_REG_IOCTRL_PWR_BUTTON1
0x0300_1098",,,,,,,,
,EPHY_SPD_LED,,O,PWR_ON,6,"FMUX_GPIO_REG_IOCTRL_PWR_ON
0x0300_109C",,,,,,,,
,EPHY_SPD_LED,,O,SD1_CLK,5,"FMUX_GPIO_REG_IOCTRL_SD1_CLK
0x0300_10E4",,,,,,,,
,EPHY_SPD_LED,,O,ADC2,5,"FMUX_GPIO_REG_IOCTRL_ADC2
0x0300_10F4",,,,,,,,
,EPHY_SPD_LED,,O,PWR_GPIO2,3,"FMUX_GPIO_REG_IOCTRL_PWR_GPIO2
0x0300_10AC",,,,,,,,
DSI/LVDS,(PAD_MIPI_TXM0),,I/O,PAD_MIPI_TXM0,0,"FMUX_GPIO_REG_IOCTRL_PAD_MIPI_TXM0
0x0300_11B4",,,,,,,,
,(PAD_MIPI_TXP0),,I/O,PAD_MIPI_TXP0,0,"FMUX_GPIO_REG_IOCTRL_PAD_MIPI_TXP0
0x0300_11B8",,,,,,,,
,(PAD_MIPI_TXM1),,I/O,PAD_MIPI_TXM1,3,"FMUX_GPIO_REG_IOCTRL_PAD_MIPI_TXM1
0x0300_11AC",,,,,,,,
,(PAD_MIPI_TXP1),,I/O,PAD_MIPI_TXP1,3,"FMUX_GPIO_REG_IOCTRL_PAD_MIPI_TXP1
0x0300_11B0",,,,,,,,
,(PAD_MIPI_TXM2),,I/O,PAD_MIPI_TXM2,3,"FMUX_GPIO_REG_IOCTRL_PAD_MIPI_TXM2
0x0300_11A4",,,,,,,,
,(PAD_MIPI_TXP2),,I/O,PAD_MIPI_TXP2,3,"FMUX_GPIO_REG_IOCTRL_PAD_MIPI_TXP2
0x0300_11A8",,,,,,,,
,(PAD_MIPI_TXM3),,I/O,PAD_MIPI_TXM3,3,"FMUX_GPIO_REG_IOCTRL_PAD_MIPI_TXM3
0x0300_119C",,,,,,,,
,(PAD_MIPI_TXP3),,I/O,PAD_MIPI_TXP3,3,"FMUX_GPIO_REG_IOCTRL_PAD_MIPI_TXP3
0x0300_11A0",,,,,,,,
,(PAD_MIPI_TXM4),,I/O,PAD_MIPI_TXM4,3,"FMUX_GPIO_REG_IOCTRL_PAD_MIPI_TXM4
0x0300_1194",,,,,,,,
,(PAD_MIPI_TXP4),,I/O,PAD_MIPI_TXP4,3,"FMUX_GPIO_REG_IOCTRL_PAD_MIPI_TXP4
0x0300_1198",,,,,,,,
CSI/sLVDS/HiSPI,(PAD_MIPIRX0N),,I/O,PAD_MIPIRX0N,0,"FMUX_GPIO_REG_IOCTRL_PAD_MIPIRX0N
0x0300_118C",,,,,,,,
,(PAD_MIPIRX0P),,I/O,PAD_MIPIRX0P,0,"FMUX_GPIO_REG_IOCTRL_PAD_MIPIRX0P
0x0300_1190",,,,,,,,
,(PAD_MIPIRX1N),,I/O,PAD_MIPIRX1N,0,"FMUX_GPIO_REG_IOCTRL_PAD_MIPIRX1N
0x0300_1184",,,,,,,,
,(PAD_MIPIRX1P),,I/O,PAD_MIPIRX1P,0,"FMUX_GPIO_REG_IOCTRL_PAD_MIPIRX1P
0x0300_1188",,,,,,,,
,(PAD_MIPIRX2N),,I/O,PAD_MIPIRX2N,0,"FMUX_GPIO_REG_IOCTRL_PAD_MIPIRX2N
0x0300_117C",,,,,,,,
,(PAD_MIPIRX2P),,I/O,PAD_MIPIRX2P,0,"FMUX_GPIO_REG_IOCTRL_PAD_MIPIRX2P
0x0300_1180",,,,,,,,
,(PAD_MIPIRX3N),,I/O,PAD_MIPIRX3N,3,"FMUX_GPIO_REG_IOCTRL_PAD_MIPIRX3N
0x0300_1174",,,,,,,,
,(PAD_MIPIRX3P),,I/O,PAD_MIPIRX3P,3,"FMUX_GPIO_REG_IOCTRL_PAD_MIPIRX3P
0x0300_1178",,,,,,,,
,(PAD_MIPIRX4N),,I/O,PAD_MIPIRX4N,3,"FMUX_GPIO_REG_IOCTRL_PAD_MIPIRX4N
0x0300_116C",,,,,,,,
,(PAD_MIPIRX4P),,I/O,PAD_MIPIRX4P,3,"FMUX_GPIO_REG_IOCTRL_PAD_MIPIRX4P
0x0300_1170",,,,,,,,
,(PAD_MIPIRX5N),,I/O,PAD_MIPIRX5N,0,"FMUX_GPIO_REG_IOCTRL_PAD_MIPIRX5N
0x0300_1164",,,,,,,,
,(PAD_MIPIRX5P),,I/O,PAD_MIPIRX5P,0,"FMUX_GPIO_REG_IOCTRL_PAD_MIPIRX5P
0x0300_1168",,,,,,,,
Aux clock out,AUX0,,O,AUX0,0,"FMUX_GPIO_REG_IOCTRL_AUX0
0x0300_1078",,,,,,,,
,AUX0,,O,SD0_D1,2,"FMUX_GPIO_REG_IOCTRL_SD0_D1
0x0300_1028",,,,,,,,
,AUX0,,O,CLK32K,1,"FMUX_GPIO_REG_IOCTRL_CLK32K
0x0300_10B0",,,,,,,,
,AUX0,,O,UART0_RX,5,"FMUX_GPIO_REG_IOCTRL_UART0_RX
0x0300_1044",,,,,,,,
,AUX0,,O,JTAG_CPU_TMS,5,"FMUX_GPIO_REG_IOCTRL_JTAG_CPU_TMS
0x0300_1064",,,,,,,,
,AUX1,,O,CAM_MCLK0,2,"FMUX_GPIO_REG_IOCTRL_CAM_MCLK0
0x0300_1000",,,,,,,,
,AUX1,,O,SD0_D2,2,"FMUX_GPIO_REG_IOCTRL_SD0_D2
0x0300_102C",,,,,,,,
,AUX1,,O,CLK25M,1,"FMUX_GPIO_REG_IOCTRL_CLK25M
0x0300_10B4",,,,,,,,
,AUX1,,O,UART0_TX,5,"FMUX_GPIO_REG_IOCTRL_UART0_TX
0x0300_1040",,,,,,,,
,AUX1,,O,JTAG_CPU_TCK,5,"FMUX_GPIO_REG_IOCTRL_JTAG_CPU_TCK
0x0300_1068",,,,,,,,
,AUX2,,O,EMMC_RSTN,4,"FMUX_GPIO_REG_IOCTRL_EMMC_RSTN
0x0300_1048",,,,,,,,
,AUX2,,O,CAM_MCLK1,2,"FMUX_GPIO_REG_IOCTRL_CAM_MCLK1
0x0300_100C",,,,,,,,
,CLK25M,,O,CLK25M,0,"FMUX_GPIO_REG_IOCTRL_CLK25M
0x0300_10B4",,,,,,,,
,CLK32K,,O,CLK32K,0,"FMUX_GPIO_REG_IOCTRL_CLK32K
0x0300_10B0",,,,,,,,
Camera Interface,CAM_HS0,,O,CAM_PD0,4,"FMUX_GPIO_REG_IOCTRL_CAM_PD0
0x0300_1004",,,,,,,,
,CAM_HS0,,O,CAM_MCLK1,4,"FMUX_GPIO_REG_IOCTRL_CAM_MCLK1
0x0300_100C",,,,,,,,
,CAM_HS0,,O,SD1_CLK,4,"FMUX_GPIO_REG_IOCTRL_SD1_CLK
0x0300_10E4",,,,,,,,
,CAM_HS0,,O,PAD_MIPI_TXP0,6,"FMUX_GPIO_REG_IOCTRL_PAD_MIPI_TXP0
0x0300_11B8",,,,,,,,
,CAM_HS0,,O,PAD_ETH_RXP___EPHY_TXN,5,"FMUX_GPIO_REG_IOCTRL_PAD_ETH_RXP
0x0300_112C",,,,,,,,
,CAM_HS0,,O,VIVO_D7,7,"FMUX_GPIO_REG_IOCTRL_VIVO_D7
0x0300_1140",,,,,,,,
,CAM_HS0,,O,VIVO_D5,7,"FMUX_GPIO_REG_IOCTRL_VIVO_D5
0x0300_1148",,,,,,,,
,CAM_HS0,,O,VIVO_D3,7,"FMUX_GPIO_REG_IOCTRL_VIVO_D3
0x0300_1150",,,,,,,,
,CAM_HS0,,O,PAD_MIPI_TXP3,7,"FMUX_GPIO_REG_IOCTRL_PAD_MIPI_TXP3
0x0300_11A0",,,,,,,,
,CAM_MCLK0,,O,PAD_MIPI_TXP4,4,"FMUX_GPIO_REG_IOCTRL_PAD_MIPI_TXP4
0x0300_1198",,,,,,,,
,CAM_MCLK0,,O,PAD_MIPI_TXP0,4,"FMUX_GPIO_REG_IOCTRL_PAD_MIPI_TXP0
0x0300_11B8",,,,,,,,
,CAM_MCLK0,,O,SD0_D3,1,"FMUX_GPIO_REG_IOCTRL_SD0_D3
0x0300_1030",,,,,,,,
,CAM_MCLK0,,O,UART0_RX,1,"FMUX_GPIO_REG_IOCTRL_UART0_RX
0x0300_1044",,,,,,,,
,CAM_MCLK0,,O,JTAG_CPU_TMS,1,"FMUX_GPIO_REG_IOCTRL_JTAG_CPU_TMS
0x0300_1064",,,,,,,,
,CAM_MCLK0,,O,VIVO_CLK,5,"FMUX_GPIO_REG_IOCTRL_VIVO_CLK
0x0300_1160",,,,,,,,
,CAM_MCLK0,,O,CAM_MCLK0,0,"FMUX_GPIO_REG_IOCTRL_CAM_MCLK0
0x0300_1000",,,,,,,,
,CAM_MCLK0,,O,SD1_D3,4,"FMUX_GPIO_REG_IOCTRL_SD1_D3
0x0300_10D0",,,,,,,,
,CAM_MCLK0,,O,SD1_D2,4,"FMUX_GPIO_REG_IOCTRL_SD1_D2
0x0300_10D4",,,,,,,,
,CAM_MCLK0,,O,USB_VBUS_DET,4,"FMUX_GPIO_REG_IOCTRL_USB_VBUS_DET
0x0300_1108",,,,,,,,
,CAM_MCLK0,,O,PAD_MIPIRX3N,4,"FMUX_GPIO_REG_IOCTRL_PAD_MIPIRX3N
0x0300_1174",,,,,,,,
,CAM_MCLK0,,O,PAD_MIPIRX0P,4,"FMUX_GPIO_REG_IOCTRL_PAD_MIPIRX0P
0x0300_1190",,,,,,,,
,CAM_MCLK0,,O,MUX_SPI1_CS,2,"FMUX_GPIO_REG_IOCTRL_MUX_SPI1_CS
0x0300_111C",,,,,,,,
,CAM_MCLK0,,O,PAD_ETH_RXM___EPHY_TXP,2,"FMUX_GPIO_REG_IOCTRL_PAD_ETH_RXM
0x0300_1130",,,,,,,,
,CAM_MCLK0,,O,CLK32K,6,"FMUX_GPIO_REG_IOCTRL_CLK32K
0x0300_10B0",,,,,,,,
,CAM_MCLK0,,O,ADC3,1,"FMUX_GPIO_REG_IOCTRL_ADC3
0x0300_10F0",,,,,,,,
,CAM_MCLK0,,O,PAD_ETH_TXP___EPHY_RXN,5,"FMUX_GPIO_REG_IOCTRL_PAD_ETH_TXP
0x0300_1124",,,,,,,,
,CAM_MCLK0,,O,VIVO_D10,5,"FMUX_GPIO_REG_IOCTRL_VIVO_D10
0x0300_1134",,,,,,,,
,CAM_MCLK0,,O,PAD_MIPIRX5N,5,"FMUX_GPIO_REG_IOCTRL_PAD_MIPIRX5N
0x0300_1164",,,,,,,,
,CAM_MCLK0,,O,PAD_MIPIRX4N,5,"FMUX_GPIO_REG_IOCTRL_PAD_MIPIRX4N
0x0300_116C",,,,,,,,
,CAM_MCLK0,,O,GPIO_RTX___EPHY_RTX,5,"FMUX_GPIO_REG_IOCTRL_GPIO_RTX
0x0300_11CC",,,,,,,,
,CAM_MCLK1,,O,SD1_D1,4,"FMUX_GPIO_REG_IOCTRL_SD1_D1
0x0300_10D8",,,,,,,,
,CAM_MCLK1,,O,SD1_D0,4,"FMUX_GPIO_REG_IOCTRL_SD1_D0
0x0300_10DC",,,,,,,,
,CAM_MCLK1,,O,PAD_MIPI_TXM4,4,"FMUX_GPIO_REG_IOCTRL_PAD_MIPI_TXM4
0x0300_1194",,,,,,,,
,CAM_MCLK1,,O,PAD_MIPI_TXM0,4,"FMUX_GPIO_REG_IOCTRL_PAD_MIPI_TXM0
0x0300_11B4",,,,,,,,
,CAM_MCLK1,,O,MUX_SPI1_SCK,2,"FMUX_GPIO_REG_IOCTRL_MUX_SPI1_SCK
0x0300_1120",,,,,,,,
,CAM_MCLK1,,O,PAD_ETH_RXP___EPHY_TXN,2,"FMUX_GPIO_REG_IOCTRL_PAD_ETH_RXP
0x0300_112C",,,,,,,,
,CAM_MCLK1,,O,CLK25M,6,"FMUX_GPIO_REG_IOCTRL_CLK25M
0x0300_10B4",,,,,,,,
,CAM_MCLK1,,O,ADC2,1,"FMUX_GPIO_REG_IOCTRL_ADC2
0x0300_10F4",,,,,,,,
,CAM_MCLK1,,O,USB_VBUS_DET,5,"FMUX_GPIO_REG_IOCTRL_USB_VBUS_DET
0x0300_1108",,,,,,,,
,CAM_MCLK1,,O,PAD_ETH_TXM___EPHY_RXP,5,"FMUX_GPIO_REG_IOCTRL_PAD_ETH_TXM
0x0300_1128",,,,,,,,
,CAM_MCLK1,,O,VIVO_D9,5,"FMUX_GPIO_REG_IOCTRL_VIVO_D9
0x0300_1138",,,,,,,,
,CAM_MCLK1,,O,PAD_MIPIRX5P,5,"FMUX_GPIO_REG_IOCTRL_PAD_MIPIRX5P
0x0300_1168",,,,,,,,
,CAM_MCLK1,,O,PAD_MIPIRX4P,5,"FMUX_GPIO_REG_IOCTRL_PAD_MIPIRX4P
0x0300_1170",,,,,,,,
,CAM_MCLK1,,O,PAD_MIPIRX0N,5,"FMUX_GPIO_REG_IOCTRL_PAD_MIPIRX0N
0x0300_118C",,,,,,,,
,CAM_MCLK1,,O,SD0_D0,1,"FMUX_GPIO_REG_IOCTRL_SD0_D0
0x0300_1024",,,,,,,,
,CAM_MCLK1,,O,UART0_TX,1,"FMUX_GPIO_REG_IOCTRL_UART0_TX
0x0300_1040",,,,,,,,
,CAM_MCLK1,,O,JTAG_CPU_TCK,1,"FMUX_GPIO_REG_IOCTRL_JTAG_CPU_TCK
0x0300_1068",,,,,,,,
,CAM_MCLK1,,O,VIVO_D2,5,"FMUX_GPIO_REG_IOCTRL_VIVO_D2
0x0300_1154",,,,,,,,
,CAM_MCLK1,,O,CAM_MCLK1,0,"FMUX_GPIO_REG_IOCTRL_CAM_MCLK1
0x0300_100C",,,,,,,,
,CAM_VS0,,O,CAM_RST0,4,"FMUX_GPIO_REG_IOCTRL_CAM_RST0
0x0300_1008",,,,,,,,
,CAM_VS0,,O,CAM_PD1,4,"FMUX_GPIO_REG_IOCTRL_CAM_PD1
0x0300_1010",,,,,,,,
,CAM_VS0,,O,SD1_CMD,4,"FMUX_GPIO_REG_IOCTRL_SD1_CMD
0x0300_10E0",,,,,,,,
,CAM_VS0,,O,PAD_MIPI_TXM0,6,"FMUX_GPIO_REG_IOCTRL_PAD_MIPI_TXM0
0x0300_11B4",,,,,,,,
,CAM_VS0,,O,PAD_ETH_RXM___EPHY_TXP,5,"FMUX_GPIO_REG_IOCTRL_PAD_ETH_RXM
0x0300_1130",,,,,,,,
,CAM_VS0,,O,VIVO_D8,7,"FMUX_GPIO_REG_IOCTRL_VIVO_D8
0x0300_113C",,,,,,,,
,CAM_VS0,,O,VIVO_D6,7,"FMUX_GPIO_REG_IOCTRL_VIVO_D6
0x0300_1144",,,,,,,,
,CAM_VS0,,O,VIVO_D4,7,"FMUX_GPIO_REG_IOCTRL_VIVO_D4
0x0300_114C",,,,,,,,
,CAM_VS0,,O,PAD_MIPI_TXM3,7,"FMUX_GPIO_REG_IOCTRL_PAD_MIPI_TXM3
0x0300_119C",,,,,,,,
Parallel Video Out,VO_CLK0,,O,PAD_MIPI_TXP2,2,"FMUX_GPIO_REG_IOCTRL_PAD_MIPI_TXP2
0x0300_11A8",,,,,,,,
,VO_CLK1,,O,VIVO_CLK,2,"FMUX_GPIO_REG_IOCTRL_VIVO_CLK
0x0300_1160",,,,,,,,
,VO_D[0],,O,PAD_MIPI_TXM2,2,"FMUX_GPIO_REG_IOCTRL_PAD_MIPI_TXM2
0x0300_11A4",,,,,,,,
,VO_D[1],,O,PAD_MIPI_TXP1,2,"FMUX_GPIO_REG_IOCTRL_PAD_MIPI_TXP1
0x0300_11B0",,,,,,,,
,VO_D[2],,O,PAD_MIPI_TXM1,2,"FMUX_GPIO_REG_IOCTRL_PAD_MIPI_TXM1
0x0300_11AC",,,,,,,,
,VO_D[3],,O,PAD_MIPI_TXP0,2,"FMUX_GPIO_REG_IOCTRL_PAD_MIPI_TXP0
0x0300_11B8",,,,,,,,
,VO_D[4],,O,PAD_MIPI_TXM0,2,"FMUX_GPIO_REG_IOCTRL_PAD_MIPI_TXM0
0x0300_11B4",,,,,,,,
,VO_D[5],,O,PAD_MIPIRX0P,2,"FMUX_GPIO_REG_IOCTRL_PAD_MIPIRX0P
0x0300_1190",,,,,,,,
,VO_D[6],,O,PAD_MIPIRX0N,2,"FMUX_GPIO_REG_IOCTRL_PAD_MIPIRX0N
0x0300_118C",,,,,,,,
,VO_D[7],,O,PAD_MIPIRX1P,2,"FMUX_GPIO_REG_IOCTRL_PAD_MIPIRX1P
0x0300_1188",,,,,,,,
,VO_D[8],,O,PAD_MIPIRX1N,2,"FMUX_GPIO_REG_IOCTRL_PAD_MIPIRX1N
0x0300_1184",,,,,,,,
,VO_D[9],,O,PAD_MIPIRX2P,2,"FMUX_GPIO_REG_IOCTRL_PAD_MIPIRX2P
0x0300_1180",,,,,,,,
,VO_D[10],,O,PAD_MIPIRX2N,2,"FMUX_GPIO_REG_IOCTRL_PAD_MIPIRX2N
0x0300_117C",,,,,,,,
,VO_D[11],,O,PAD_MIPIRX5P,2,"FMUX_GPIO_REG_IOCTRL_PAD_MIPIRX5P
0x0300_1168",,,,,,,,
,VO_D[12],,O,PAD_MIPIRX5N,2,"FMUX_GPIO_REG_IOCTRL_PAD_MIPIRX5N
0x0300_1164",,,,,,,,
,VO_D[13],,O,VIVO_D0,2,"FMUX_GPIO_REG_IOCTRL_VIVO_D0
0x0300_115C",,,,,,,,
,VO_D[14],,O,VIVO_D1,2,"FMUX_GPIO_REG_IOCTRL_VIVO_D1
0x0300_1158",,,,,,,,
,VO_D[15],,O,VIVO_D2,2,"FMUX_GPIO_REG_IOCTRL_VIVO_D2
0x0300_1154",,,,,,,,
,VO_D[16],,O,VIVO_D3,2,"FMUX_GPIO_REG_IOCTRL_VIVO_D3
0x0300_1150",,,,,,,,
,VO_D[17],,O,VIVO_D4,2,"FMUX_GPIO_REG_IOCTRL_VIVO_D4
0x0300_114C",,,,,,,,
,VO_D[18],,O,VIVO_D5,2,"FMUX_GPIO_REG_IOCTRL_VIVO_D5
0x0300_1148",,,,,,,,
,VO_D[19],,O,VIVO_D6,2,"FMUX_GPIO_REG_IOCTRL_VIVO_D6
0x0300_1144",,,,,,,,
,VO_D[20],,O,VIVO_D7,2,"FMUX_GPIO_REG_IOCTRL_VIVO_D7
0x0300_1140",,,,,,,,
,VO_D[21],,O,VIVO_D8,2,"FMUX_GPIO_REG_IOCTRL_VIVO_D8
0x0300_113C",,,,,,,,
,VO_D[22],,O,VIVO_D9,2,"FMUX_GPIO_REG_IOCTRL_VIVO_D9
0x0300_1138",,,,,,,,
,VO_D[23],,O,VIVO_D10,2,"FMUX_GPIO_REG_IOCTRL_VIVO_D10
0x0300_1134",,,,,,,,
,VO_D[24],,O,PAD_MIPI_TXM4,2,"FMUX_GPIO_REG_IOCTRL_PAD_MIPI_TXM4
0x0300_1194",,,,,,,,
,VO_D[25],,O,PAD_MIPI_TXP4,2,"FMUX_GPIO_REG_IOCTRL_PAD_MIPI_TXP4
0x0300_1198",,,,,,,,
,VO_D[26],,O,PAD_MIPI_TXM3,2,"FMUX_GPIO_REG_IOCTRL_PAD_MIPI_TXM3
0x0300_119C",,,,,,,,
,VO_D[27],,O,PAD_MIPI_TXP3,2,"FMUX_GPIO_REG_IOCTRL_PAD_MIPI_TXP3
0x0300_11A0",,,,,,,,
,VO_D[28],,O,JTAG_CPU_TMS,7,"FMUX_GPIO_REG_IOCTRL_JTAG_CPU_TMS
0x0300_1064",,,,,,,,
,VO_D[29],,O,JTAG_CPU_TCK,7,"FMUX_GPIO_REG_IOCTRL_JTAG_CPU_TCK
0x0300_1068",,,,,,,,
,VO_D[30],,O,JTAG_CPU_TRST,6,"FMUX_GPIO_REG_IOCTRL_JTAG_CPU_TRST
0x0300_106C",,,,,,,,
,VO_D[31],,O,AUX0,5,"FMUX_GPIO_REG_IOCTRL_AUX0
0x0300_1078",,,,,,,,
,VO_D[32],,O,SD1_D3,0,"FMUX_GPIO_REG_IOCTRL_SD1_D3
0x0300_10D0",,,,,,,,
,VO_D[33],,O,SD1_D2,0,"FMUX_GPIO_REG_IOCTRL_SD1_D2
0x0300_10D4",,,,,,,,
,VO_D[34],,O,SD1_D1,0,"FMUX_GPIO_REG_IOCTRL_SD1_D1
0x0300_10D8",,,,,,,,
,VO_D[35],,O,SD1_D0,0,"FMUX_GPIO_REG_IOCTRL_SD1_D0
0x0300_10DC",,,,,,,,
,VO_D[36],,O,SD1_CMD,0,"FMUX_GPIO_REG_IOCTRL_SD1_CMD
0x0300_10E0",,,,,,,,
,VO_D[37],,O,SD1_CLK,0,"FMUX_GPIO_REG_IOCTRL_SD1_CLK
0x0300_10E4",,,,,,,,
Parallel Video In,VI0_CLK,,I,PAD_MIPIRX4N,1,"FMUX_GPIO_REG_IOCTRL_PAD_MIPIRX4N
0x0300_116C",,,,,,,,
,VI0_D[0],,I,PAD_MIPIRX4P,1,"FMUX_GPIO_REG_IOCTRL_PAD_MIPIRX4P
0x0300_1170",,,,,,,,
,VI0_D[1],,I,PAD_MIPIRX3N,1,"FMUX_GPIO_REG_IOCTRL_PAD_MIPIRX3N
0x0300_1174",,,,,,,,
,VI0_D[10],,I,PAD_MIPI_TXP0,1,"FMUX_GPIO_REG_IOCTRL_PAD_MIPI_TXP0
0x0300_11B8",,,,,,,,
,VI0_D[11],,I,PAD_MIPI_TXM1,1,"FMUX_GPIO_REG_IOCTRL_PAD_MIPI_TXM1
0x0300_11AC",,,,,,,,
,VI0_D[12],,I,PAD_MIPI_TXP1,1,"FMUX_GPIO_REG_IOCTRL_PAD_MIPI_TXP1
0x0300_11B0",,,,,,,,
,VI0_D[13],,I,PAD_MIPI_TXM2,1,"FMUX_GPIO_REG_IOCTRL_PAD_MIPI_TXM2
0x0300_11A4",,,,,,,,
,VI0_D[14],,I,PAD_MIPI_TXP2,1,"FMUX_GPIO_REG_IOCTRL_PAD_MIPI_TXP2
0x0300_11A8",,,,,,,,
,VI0_D[15],,I,PAD_MIPI_TXM4,0,"FMUX_GPIO_REG_IOCTRL_PAD_MIPI_TXM4
0x0300_1194",,,,,,,,
,VI0_D[16],,I,PAD_MIPI_TXP4,0,"FMUX_GPIO_REG_IOCTRL_PAD_MIPI_TXP4
0x0300_1198",,,,,,,,
,VI0_D[17],,I,PAD_MIPI_TXM3,0,"FMUX_GPIO_REG_IOCTRL_PAD_MIPI_TXM3
0x0300_119C",,,,,,,,
,VI0_D[18],,I,PAD_MIPI_TXP3,0,"FMUX_GPIO_REG_IOCTRL_PAD_MIPI_TXP3
0x0300_11A0",,,,,,,,
,VI0_D[2],,I,PAD_MIPIRX3P,1,"FMUX_GPIO_REG_IOCTRL_PAD_MIPIRX3P
0x0300_1178",,,,,,,,
,VI0_D[3],,I,PAD_MIPIRX2N,1,"FMUX_GPIO_REG_IOCTRL_PAD_MIPIRX2N
0x0300_117C",,,,,,,,
,VI0_D[4],,I,PAD_MIPIRX2P,1,"FMUX_GPIO_REG_IOCTRL_PAD_MIPIRX2P
0x0300_1180",,,,,,,,
,VI0_D[5],,I,PAD_MIPIRX1N,1,"FMUX_GPIO_REG_IOCTRL_PAD_MIPIRX1N
0x0300_1184",,,,,,,,
,VI0_D[6],,I,PAD_MIPIRX1P,1,"FMUX_GPIO_REG_IOCTRL_PAD_MIPIRX1P
0x0300_1188",,,,,,,,
,VI0_D[7],,I,PAD_MIPIRX0N,1,"FMUX_GPIO_REG_IOCTRL_PAD_MIPIRX0N
0x0300_118C",,,,,,,,
,VI0_D[8],,I,PAD_MIPIRX0P,1,"FMUX_GPIO_REG_IOCTRL_PAD_MIPIRX0P
0x0300_1190",,,,,,,,
,VI0_D[9],,I,PAD_MIPI_TXM0,1,"FMUX_GPIO_REG_IOCTRL_PAD_MIPI_TXM0
0x0300_11B4",,,,,,,,
,VI1_CLK,,I,VIVO_CLK,1,"FMUX_GPIO_REG_IOCTRL_VIVO_CLK
0x0300_1160",,,,,,,,
,VI1_D[0],,I,VIVO_D0,1,"FMUX_GPIO_REG_IOCTRL_VIVO_D0
0x0300_115C",,,,,,,,
,VI1_D[1],,I,VIVO_D1,1,"FMUX_GPIO_REG_IOCTRL_VIVO_D1
0x0300_1158",,,,,,,,
,VI1_D[10],,I,VIVO_D10,1,"FMUX_GPIO_REG_IOCTRL_VIVO_D10
0x0300_1134",,,,,,,,
,VI1_D[11],,I,PAD_MIPIRX5N,1,"FMUX_GPIO_REG_IOCTRL_PAD_MIPIRX5N
0x0300_1164",,,,,,,,
,VI1_D[12],,I,PAD_MIPIRX5P,1,"FMUX_GPIO_REG_IOCTRL_PAD_MIPIRX5P
0x0300_1168",,,,,,,,
,VI1_D[13],,I,PAD_MIPIRX4N,2,"FMUX_GPIO_REG_IOCTRL_PAD_MIPIRX4N
0x0300_116C",,,,,,,,
,VI1_D[14],,I,PAD_MIPIRX4P,2,"FMUX_GPIO_REG_IOCTRL_PAD_MIPIRX4P
0x0300_1170",,,,,,,,
,VI1_D[15],,I,PAD_MIPIRX3N,2,"FMUX_GPIO_REG_IOCTRL_PAD_MIPIRX3N
0x0300_1174",,,,,,,,
,VI1_D[16],,I,PAD_MIPIRX3P,2,"FMUX_GPIO_REG_IOCTRL_PAD_MIPIRX3P
0x0300_1178",,,,,,,,
,VI1_D[17],,I,PAD_MIPIRX2N,4,"FMUX_GPIO_REG_IOCTRL_PAD_MIPIRX2N
0x0300_117C",,,,,,,,
,VI1_D[18],,I,PAD_MIPIRX2P,4,"FMUX_GPIO_REG_IOCTRL_PAD_MIPIRX2P
0x0300_1180",,,,,,,,
,VI1_D[2],,I,VIVO_D2,1,"FMUX_GPIO_REG_IOCTRL_VIVO_D2
0x0300_1154",,,,,,,,
,VI1_D[3],,I,VIVO_D3,1,"FMUX_GPIO_REG_IOCTRL_VIVO_D3
0x0300_1150",,,,,,,,
,VI1_D[4],,I,VIVO_D4,1,"FMUX_GPIO_REG_IOCTRL_VIVO_D4
0x0300_114C",,,,,,,,
,VI1_D[5],,I,VIVO_D5,1,"FMUX_GPIO_REG_IOCTRL_VIVO_D5
0x0300_1148",,,,,,,,
,VI1_D[6],,I,VIVO_D6,1,"FMUX_GPIO_REG_IOCTRL_VIVO_D6
0x0300_1144",,,,,,,,
,VI1_D[7],,I,VIVO_D7,1,"FMUX_GPIO_REG_IOCTRL_VIVO_D7
0x0300_1140",,,,,,,,
,VI1_D[8],,I,VIVO_D8,1,"FMUX_GPIO_REG_IOCTRL_VIVO_D8
0x0300_113C",,,,,,,,
,VI1_D[9],,I,VIVO_D9,1,"FMUX_GPIO_REG_IOCTRL_VIVO_D9
0x0300_1138",,,,,,,,
,VI2_CLK,,I,VIVO_CLK,0,"FMUX_GPIO_REG_IOCTRL_VIVO_CLK
0x0300_1160",,,,,,,,
,VI2_D[0],,I,VIVO_D0,0,"FMUX_GPIO_REG_IOCTRL_VIVO_D0
0x0300_115C",,,,,,,,
,VI2_D[1],,I,VIVO_D1,0,"FMUX_GPIO_REG_IOCTRL_VIVO_D1
0x0300_1158",,,,,,,,
,VI2_D[2],,I,VIVO_D2,0,"FMUX_GPIO_REG_IOCTRL_VIVO_D2
0x0300_1154",,,,,,,,
,VI2_D[3],,I,VIVO_D3,0,"FMUX_GPIO_REG_IOCTRL_VIVO_D3
0x0300_1150",,,,,,,,
,VI2_D[4],,I,VIVO_D4,0,"FMUX_GPIO_REG_IOCTRL_VIVO_D4
0x0300_114C",,,,,,,,
,VI2_D[5],,I,VIVO_D5,0,"FMUX_GPIO_REG_IOCTRL_VIVO_D5
0x0300_1148",,,,,,,,
,VI2_D[6],,I,VIVO_D6,0,"FMUX_GPIO_REG_IOCTRL_VIVO_D6
0x0300_1144",,,,,,,,
,VI2_D[7],,I,VIVO_D7,0,"FMUX_GPIO_REG_IOCTRL_VIVO_D7
0x0300_1140",,,,,,,,
eMMC,EMMC_CLK,,O,EMMC_CLK,0,"FMUX_GPIO_REG_IOCTRL_EMMC_CLK
0x0300_1050",,,,,,,,
,EMMC_CMD,,I/O,EMMC_CMD,0,"FMUX_GPIO_REG_IOCTRL_EMMC_CMD
0x0300_105C",,,,,,,,
,EMMC_DAT[0],,I/O,EMMC_DAT0,0,"FMUX_GPIO_REG_IOCTRL_EMMC_DAT0
0x0300_1054",,,,,,,,
,EMMC_DAT[1],,I/O,EMMC_DAT1,0,"FMUX_GPIO_REG_IOCTRL_EMMC_DAT1
0x0300_1060",,,,,,,,
,EMMC_DAT[2],,I/O,EMMC_DAT2,0,"FMUX_GPIO_REG_IOCTRL_EMMC_DAT2
0x0300_104C",,,,,,,,
,EMMC_DAT[3],,I/O,EMMC_DAT3,0,"FMUX_GPIO_REG_IOCTRL_EMMC_DAT3
0x0300_1058",,,,,,,,
,EMMC_RSTN,,O,EMMC_RSTN,0,"FMUX_GPIO_REG_IOCTRL_EMMC_RSTN
0x0300_1048",,,,,,,,
SPI_NAND,SPINAND_CLK,,O,EMMC_CLK,2,"FMUX_GPIO_REG_IOCTRL_EMMC_CLK
0x0300_1050",,,,,,,,
,SPINAND_CS,,O,EMMC_DAT1,2,"FMUX_GPIO_REG_IOCTRL_EMMC_DAT1
0x0300_1060",,,,,,,,
,SPINAND_HOLD,,I/O,EMMC_DAT2,2,"FMUX_GPIO_REG_IOCTRL_EMMC_DAT2
0x0300_104C",,,,,,,,
,SPINAND_MISO,,I/O,EMMC_CMD,2,"FMUX_GPIO_REG_IOCTRL_EMMC_CMD
0x0300_105C",,,,,,,,
,SPINAND_MOSI,,I/O,EMMC_DAT0,2,"FMUX_GPIO_REG_IOCTRL_EMMC_DAT0
0x0300_1054",,,,,,,,
,SPINAND_WP,,I/O,EMMC_DAT3,2,"FMUX_GPIO_REG_IOCTRL_EMMC_DAT3
0x0300_1058",,,,,,,,
SPI_NOR,SPINOR_CS_X,,O,EMMC_DAT1,1,"FMUX_GPIO_REG_IOCTRL_EMMC_DAT1
0x0300_1060",,,,,,,,
,SPINOR_HOLD_X,,I/O,EMMC_DAT2,1,"FMUX_GPIO_REG_IOCTRL_EMMC_DAT2
0x0300_104C",,,,,,,,
,SPINOR_MISO,,I/O,EMMC_CMD,1,"FMUX_GPIO_REG_IOCTRL_EMMC_CMD
0x0300_105C",,,,,,,,
,SPINOR_MOSI,,I/O,EMMC_DAT0,1,"FMUX_GPIO_REG_IOCTRL_EMMC_DAT0
0x0300_1054",,,,,,,,
,SPINOR_SCK,,O,EMMC_CLK,1,"FMUX_GPIO_REG_IOCTRL_EMMC_CLK
0x0300_1050",,,,,,,,
,SPINOR_WP_X,,I/O,EMMC_DAT3,1,"FMUX_GPIO_REG_IOCTRL_EMMC_DAT3
0x0300_1058",,,,,,,,
I2C,IIC1_SCL,,I/O,PAD_MIPIRX4P,4,"FMUX_GPIO_REG_IOCTRL_PAD_MIPIRX4P
0x0300_1170",,,,,,,,
,IIC1_SCL,,I/O,PAD_MIPIRX0N,4,"FMUX_GPIO_REG_IOCTRL_PAD_MIPIRX0N
0x0300_118C",,,,,,,,
,IIC1_SCL,,I/O,VIVO_D9,6,"FMUX_GPIO_REG_IOCTRL_VIVO_D9
0x0300_1138",,,,,,,,
,IIC1_SCL,,I/O,SD0_CMD,1,"FMUX_GPIO_REG_IOCTRL_SD0_CMD
0x0300_1020",,,,,,,,
,IIC1_SCL,,I/O,SD0_D2,1,"FMUX_GPIO_REG_IOCTRL_SD0_D2
0x0300_102C",,,,,,,,
,IIC1_SCL,,I/O,VIVO_D3,5,"FMUX_GPIO_REG_IOCTRL_VIVO_D3
0x0300_1150",,,,,,,,
,IIC1_SCL,,I/O,PAD_MIPI_TXP2,4,"FMUX_GPIO_REG_IOCTRL_PAD_MIPI_TXP2
0x0300_11A8",,,,,,,,
,IIC1_SCL,,I/O,SD1_D3,2,"FMUX_GPIO_REG_IOCTRL_SD1_D3
0x0300_10D0",,,,,,,,
,IIC1_SCL,,I/O,MUX_SPI1_MOSI,2,"FMUX_GPIO_REG_IOCTRL_MUX_SPI1_MOSI
0x0300_1118",,,,,,,,
,IIC1_SCL,,I/O,PAD_ETH_TXP___EPHY_RXN,2,"FMUX_GPIO_REG_IOCTRL_PAD_ETH_TXP
0x0300_1124",,,,,,,,
,IIC1_SCL,,I/O,PAD_MIPI_TXP4,6,"FMUX_GPIO_REG_IOCTRL_PAD_MIPI_TXP4
0x0300_1198",,,,,,,,
,IIC1_SCL,,I/O,PAD_MIPI_TXP3,6,"FMUX_GPIO_REG_IOCTRL_PAD_MIPI_TXP3
0x0300_11A0",,,,,,,,
,IIC1_SCL,,I/O,SD1_D2,1,"FMUX_GPIO_REG_IOCTRL_SD1_D2
0x0300_10D4",,,,,,,,
,IIC1_SDA,,I/O,PAD_MIPIRX4N,4,"FMUX_GPIO_REG_IOCTRL_PAD_MIPIRX4N
0x0300_116C",,,,,,,,
,IIC1_SDA,,I/O,PAD_MIPIRX1P,4,"FMUX_GPIO_REG_IOCTRL_PAD_MIPIRX1P
0x0300_1188",,,,,,,,
,IIC1_SDA,,I/O,VIVO_D10,6,"FMUX_GPIO_REG_IOCTRL_VIVO_D10
0x0300_1134",,,,,,,,
,IIC1_SDA,,I/O,SD0_CLK,1,"FMUX_GPIO_REG_IOCTRL_SD0_CLK
0x0300_101C",,,,,,,,
,IIC1_SDA,,I/O,SD0_D1,1,"FMUX_GPIO_REG_IOCTRL_SD0_D1
0x0300_1028",,,,,,,,
,IIC1_SDA,,I/O,VIVO_D4,5,"FMUX_GPIO_REG_IOCTRL_VIVO_D4
0x0300_114C",,,,,,,,
,IIC1_SDA,,I/O,PAD_MIPI_TXM2,4,"FMUX_GPIO_REG_IOCTRL_PAD_MIPI_TXM2
0x0300_11A4",,,,,,,,
,IIC1_SDA,,I/O,SD1_D0,2,"FMUX_GPIO_REG_IOCTRL_SD1_D0
0x0300_10DC",,,,,,,,
,IIC1_SDA,,I/O,MUX_SPI1_MISO,2,"FMUX_GPIO_REG_IOCTRL_MUX_SPI1_MISO
0x0300_1114",,,,,,,,
,IIC1_SDA,,I/O,PAD_ETH_TXM___EPHY_RXP,2,"FMUX_GPIO_REG_IOCTRL_PAD_ETH_TXM
0x0300_1128",,,,,,,,
,IIC1_SDA,,I/O,PAD_MIPI_TXM4,6,"FMUX_GPIO_REG_IOCTRL_PAD_MIPI_TXM4
0x0300_1194",,,,,,,,
,IIC1_SDA,,I/O,PAD_MIPI_TXM3,6,"FMUX_GPIO_REG_IOCTRL_PAD_MIPI_TXM3
0x0300_119C",,,,,,,,
,IIC1_SDA,,I/O,SD1_D1,1,"FMUX_GPIO_REG_IOCTRL_SD1_D1
0x0300_10D8",,,,,,,,
,IIC2_SCL,,I/O,IIC2_SCL,0,"FMUX_GPIO_REG_IOCTRL_IIC2_SCL
0x0300_10B8",,,,,,,,
,IIC2_SCL,,I/O,PAD_MIPI_TXP3,4,"FMUX_GPIO_REG_IOCTRL_PAD_MIPI_TXP3
0x0300_11A0",,,,,,,,
,IIC2_SCL,,I/O,PAD_MIPI_TXP1,4,"FMUX_GPIO_REG_IOCTRL_PAD_MIPI_TXP1
0x0300_11B0",,,,,,,,
,IIC2_SCL,,I/O,PWR_GPIO1,6,"FMUX_GPIO_REG_IOCTRL_PWR_GPIO1
0x0300_10A8",,,,,,,,
,IIC2_SCL,,I/O,VIVO_D8,6,"FMUX_GPIO_REG_IOCTRL_VIVO_D8
0x0300_113C",,,,,,,,
,IIC2_SDA,,I/O,PAD_MIPI_TXM3,4,"FMUX_GPIO_REG_IOCTRL_PAD_MIPI_TXM3
0x0300_119C",,,,,,,,
,IIC2_SDA,,I/O,PAD_MIPI_TXM1,4,"FMUX_GPIO_REG_IOCTRL_PAD_MIPI_TXM1
0x0300_11AC",,,,,,,,
,IIC2_SDA,,I/O,IIC2_SDA,0,"FMUX_GPIO_REG_IOCTRL_IIC2_SDA
0x0300_10BC",,,,,,,,
,IIC2_SDA,,I/O,PWR_GPIO2,6,"FMUX_GPIO_REG_IOCTRL_PWR_GPIO2
0x0300_10AC",,,,,,,,
,IIC2_SDA,,I/O,VIVO_D7,6,"FMUX_GPIO_REG_IOCTRL_VIVO_D7
0x0300_1140",,,,,,,,
,IIC3_SCL,,I/O,VIVO_D0,5,"FMUX_GPIO_REG_IOCTRL_VIVO_D0
0x0300_115C",,,,,,,,
,IIC3_SCL,,I/O,IIC3_SCL,0,"FMUX_GPIO_REG_IOCTRL_IIC3_SCL
0x0300_1014",,,,,,,,
,IIC3_SCL,,I/O,SD1_CMD,2,"FMUX_GPIO_REG_IOCTRL_SD1_CMD
0x0300_10E0",,,,,,,,
,IIC3_SDA,,I/O,VIVO_D1,5,"FMUX_GPIO_REG_IOCTRL_VIVO_D1
0x0300_1158",,,,,,,,
,IIC3_SDA,,I/O,IIC3_SDA,0,"FMUX_GPIO_REG_IOCTRL_IIC3_SDA
0x0300_1018",,,,,,,,
,IIC3_SDA,,I/O,SD1_CLK,2,"FMUX_GPIO_REG_IOCTRL_SD1_CLK
0x0300_10E4",,,,,,,,
,IIC4_SCL,,I/O,ADC3,2,"FMUX_GPIO_REG_IOCTRL_ADC3
0x0300_10F0",,,,,,,,
,IIC4_SCL,,I/O,CAM_RST0,6,"FMUX_GPIO_REG_IOCTRL_CAM_RST0
0x0300_1008",,,,,,,,
,IIC4_SCL,,I/O,PWR_WAKEUP0,5,"FMUX_GPIO_REG_IOCTRL_PWR_WAKEUP0
0x0300_1090",,,,,,,,
,IIC4_SCL,,I/O,PWR_WAKEUP1,5,"FMUX_GPIO_REG_IOCTRL_PWR_WAKEUP1
0x0300_1094",,,,,,,,
,IIC4_SCL,,I/O,PAD_MIPIRX2N,5,"FMUX_GPIO_REG_IOCTRL_PAD_MIPIRX2N
0x0300_117C",,,,,,,,
,IIC4_SCL,,I/O,VIVO_D1,7,"FMUX_GPIO_REG_IOCTRL_VIVO_D1
0x0300_1158",,,,,,,,
,IIC4_SDA,,I/O,ADC2,2,"FMUX_GPIO_REG_IOCTRL_ADC2
0x0300_10F4",,,,,,,,
,IIC4_SDA,,I/O,CAM_PD1,6,"FMUX_GPIO_REG_IOCTRL_CAM_PD1
0x0300_1010",,,,,,,,
,IIC4_SDA,,I/O,PWR_BUTTON1,5,"FMUX_GPIO_REG_IOCTRL_PWR_BUTTON1
0x0300_1098",,,,,,,,
,IIC4_SDA,,I/O,PWR_ON,5,"FMUX_GPIO_REG_IOCTRL_PWR_ON
0x0300_109C",,,,,,,,
,IIC4_SDA,,I/O,PAD_MIPIRX2P,5,"FMUX_GPIO_REG_IOCTRL_PAD_MIPIRX2P
0x0300_1180",,,,,,,,
,IIC4_SDA,,I/O,VIVO_D0,7,"FMUX_GPIO_REG_IOCTRL_VIVO_D0
0x0300_115C",,,,,,,,
no die I2C,PWR_IIC_SCL,,I/O,PWR_GPIO1,5,"FMUX_GPIO_REG_IOCTRL_PWR_GPIO1
0x0300_10A8",,,,,,,,
,PWR_IIC_SDA,,I/O,PWR_GPIO2,5,"FMUX_GPIO_REG_IOCTRL_PWR_GPIO2
0x0300_10AC",,,,,,,,
IIS,IIS1_BCLK,,I/O,PAD_AUD_AINL_MIC,4,"FMUX_GPIO_REG_IOCTRL_PAD_AUD_AINL_MIC
0x0300_11BC",,,,,,,,
,IIS1_DI,,I,PAD_AUD_AOUTR,4,"FMUX_GPIO_REG_IOCTRL_PAD_AUD_AOUTR
0x0300_11C8",,,,,,,,
,IIS1_DI,,I,PAD_AUD_AINR_MIC,6,"FMUX_GPIO_REG_IOCTRL_PAD_AUD_AINR_MIC
0x0300_11C0",,,,,,,,
,IIS1_DO,,O,PAD_AUD_AINR_MIC,4,"FMUX_GPIO_REG_IOCTRL_PAD_AUD_AINR_MIC
0x0300_11C0",,,,,,,,
,IIS1_DO,,O,PAD_AUD_AOUTR,6,"FMUX_GPIO_REG_IOCTRL_PAD_AUD_AOUTR
0x0300_11C8",,,,,,,,
,IIS1_LRCK,,I/O,PAD_AUD_AOUTL,4,"FMUX_GPIO_REG_IOCTRL_PAD_AUD_AOUTL
0x0300_11C4",,,,,,,,
,IIS1_MCLK,,I/O,AUX0,4,"FMUX_GPIO_REG_IOCTRL_AUX0
0x0300_1078",,,,,,,,
,IIS1_MCLK,,I/O,PAD_MIPIRX5P,4,"FMUX_GPIO_REG_IOCTRL_PAD_MIPIRX5P
0x0300_1168",,,,,,,,
,IIS1_MCLK,,I/O,CAM_PD0,1,"FMUX_GPIO_REG_IOCTRL_CAM_PD0
0x0300_1004",,,,,,,,
,IIS1_MCLK,,I/O,CAM_PD1,1,"FMUX_GPIO_REG_IOCTRL_CAM_PD1
0x0300_1010",,,,,,,,
,IIS1_MCLK,,I/O,IIC2_SDA,5,"FMUX_GPIO_REG_IOCTRL_IIC2_SDA
0x0300_10BC",,,,,,,,
,IIS2_BCLK,,I/O,UART2_TX,6,"FMUX_GPIO_REG_IOCTRL_UART2_TX
0x0300_10C0",,,,,,,,
,IIS2_BCLK,,I/O,PAD_AUD_AINL_MIC,5,"FMUX_GPIO_REG_IOCTRL_PAD_AUD_AINL_MIC
0x0300_11BC",,,,,,,,
,IIS2_BCLK,,I/O,PAD_ETH_TXM___EPHY_RXP,7,"FMUX_GPIO_REG_IOCTRL_PAD_ETH_TXM
0x0300_1128",,,,,,,,
,IIS2_DI,,I,UART2_RX,6,"FMUX_GPIO_REG_IOCTRL_UART2_RX
0x0300_10C8",,,,,,,,
,IIS2_DI,,I,PAD_AUD_AINR_MIC,5,"FMUX_GPIO_REG_IOCTRL_PAD_AUD_AINR_MIC
0x0300_11C0",,,,,,,,
,IIS2_DI,,I,PAD_ETH_RXM___EPHY_TXP,7,"FMUX_GPIO_REG_IOCTRL_PAD_ETH_RXM
0x0300_1130",,,,,,,,
,IIS2_DO,,O,UART2_RTS,6,"FMUX_GPIO_REG_IOCTRL_UART2_RTS
0x0300_10C4",,,,,,,,
,IIS2_DO,,O,PAD_AUD_AOUTR,5,"FMUX_GPIO_REG_IOCTRL_PAD_AUD_AOUTR
0x0300_11C8",,,,,,,,
,IIS2_DO,,O,PAD_ETH_RXP___EPHY_TXN,7,"FMUX_GPIO_REG_IOCTRL_PAD_ETH_RXP
0x0300_112C",,,,,,,,
,IIS2_LRCK,,I/O,UART2_CTS,6,"FMUX_GPIO_REG_IOCTRL_UART2_CTS
0x0300_10CC",,,,,,,,
,IIS2_LRCK,,I/O,PAD_AUD_AOUTL,5,"FMUX_GPIO_REG_IOCTRL_PAD_AUD_AOUTL
0x0300_11C4",,,,,,,,
,IIS2_LRCK,,I/O,PAD_ETH_TXP___EPHY_RXN,7,"FMUX_GPIO_REG_IOCTRL_PAD_ETH_TXP
0x0300_1124",,,,,,,,
,IIS2_MCLK,,I/O,IIC2_SDA,6,"FMUX_GPIO_REG_IOCTRL_IIC2_SDA
0x0300_10BC",,,,,,,,
Keyscan,KEY_COL0,,I/O,CLK32K,5,"FMUX_GPIO_REG_IOCTRL_CLK32K
0x0300_10B0",,,,,,,,
,KEY_COL0,,I/O,MUX_SPI1_MOSI,5,"FMUX_GPIO_REG_IOCTRL_MUX_SPI1_MOSI
0x0300_1118",,,,,,,,
,KEY_COL1,,I/O,CLK25M,5,"FMUX_GPIO_REG_IOCTRL_CLK25M
0x0300_10B4",,,,,,,,
,KEY_COL1,,I/O,MUX_SPI1_MISO,5,"FMUX_GPIO_REG_IOCTRL_MUX_SPI1_MISO
0x0300_1114",,,,,,,,
,KEY_COL2,,I/O,IIC2_SCL,7,"FMUX_GPIO_REG_IOCTRL_IIC2_SCL
0x0300_10B8",,,,,,,,
,KEY_COL2,,I/O,ADC1,4,"FMUX_GPIO_REG_IOCTRL_ADC1
0x0300_10F8",,,,,,,,
,KEY_COL3,,I/O,IIC2_SDA,7,"FMUX_GPIO_REG_IOCTRL_IIC2_SDA
0x0300_10BC",,,,,,,,
,KEY_COL3,,I/O,UART2_RX,4,"FMUX_GPIO_REG_IOCTRL_UART2_RX
0x0300_10C8",,,,,,,,
,KEY_ROW0,,I/O,PAD_MIPIRX4N,6,"FMUX_GPIO_REG_IOCTRL_PAD_MIPIRX4N
0x0300_116C",,,,,,,,
,KEY_ROW0,,I/O,UART2_RTS,4,"FMUX_GPIO_REG_IOCTRL_UART2_RTS
0x0300_10C4",,,,,,,,
,KEY_ROW1,,I/O,PAD_MIPIRX4P,6,"FMUX_GPIO_REG_IOCTRL_PAD_MIPIRX4P
0x0300_1170",,,,,,,,
,KEY_ROW1,,I/O,UART2_CTS,4,"FMUX_GPIO_REG_IOCTRL_UART2_CTS
0x0300_10CC",,,,,,,,
,KEY_ROW2,,I/O,PAD_MIPIRX1P,6,"FMUX_GPIO_REG_IOCTRL_PAD_MIPIRX1P
0x0300_1188",,,,,,,,
,KEY_ROW2,,I/O,MUX_SPI1_SCK,5,"FMUX_GPIO_REG_IOCTRL_MUX_SPI1_SCK
0x0300_1120",,,,,,,,
,KEY_ROW3,,I/O,PAD_MIPIRX1N,6,"FMUX_GPIO_REG_IOCTRL_PAD_MIPIRX1N
0x0300_1184",,,,,,,,
,KEY_ROW3,,I/O,MUX_SPI1_CS,5,"FMUX_GPIO_REG_IOCTRL_MUX_SPI1_CS
0x0300_111C",,,,,,,,
,KEY_ROW3,,I/O,UART2_TX,4,"FMUX_GPIO_REG_IOCTRL_UART2_TX
0x0300_10C0",,,,,,,,
PWM,PWM[0],,I/O,PWM0_BUCK,0,"FMUX_GPIO_REG_IOCTRL_PWM0_BUCK
0x0300_10EC",,,,,,,,
,PWM[1],,I/O,GPIO_RTX___EPHY_RTX,4,"FMUX_GPIO_REG_IOCTRL_GPIO_RTX
0x0300_11CC",,,,,,,,
,PWM[1],,I/O,VIVO_D10,0,"FMUX_GPIO_REG_IOCTRL_VIVO_D10
0x0300_1134",,,,,,,,
,PWM[2],,I/O,VIVO_D2,6,"FMUX_GPIO_REG_IOCTRL_VIVO_D2
0x0300_1154",,,,,,,,
,PWM[2],,I/O,CLK32K,4,"FMUX_GPIO_REG_IOCTRL_CLK32K
0x0300_10B0",,,,,,,,
,PWM[2],,I/O,GPIO_ZQ___PAD_ZQ,4,"FMUX_GPIO_REG_IOCTRL_GPIO_ZQ
0x0300_11D0",,,,,,,,
,PWM[2],,I/O,VIVO_D9,0,"FMUX_GPIO_REG_IOCTRL_VIVO_D9
0x0300_1138",,,,,,,,
,PWM[3],,I/O,VIVO_D1,6,"FMUX_GPIO_REG_IOCTRL_VIVO_D1
0x0300_1158",,,,,,,,
,PWM[3],,I/O,VIVO_D8,0,"FMUX_GPIO_REG_IOCTRL_VIVO_D8
0x0300_113C",,,,,,,,
,PWM[3],,I/O,CLK25M,4,"FMUX_GPIO_REG_IOCTRL_CLK25M
0x0300_10B4",,,,,,,,
,PWM[4],,I/O,UART0_TX,2,"FMUX_GPIO_REG_IOCTRL_UART0_TX
0x0300_1040",,,,,,,,
,PWM[4],,I/O,SD1_D3,7,"FMUX_GPIO_REG_IOCTRL_SD1_D3
0x0300_10D0",,,,,,,,
,PWM[5],,I/O,UART0_RX,2,"FMUX_GPIO_REG_IOCTRL_UART0_RX
0x0300_1044",,,,,,,,
,PWM[5],,I/O,SD1_D2,7,"FMUX_GPIO_REG_IOCTRL_SD1_D2
0x0300_10D4",,,,,,,,
,PWM[6],,I/O,JTAG_CPU_TCK,2,"FMUX_GPIO_REG_IOCTRL_JTAG_CPU_TCK
0x0300_1068",,,,,,,,
,PWM[6],,I/O,SD1_D1,7,"FMUX_GPIO_REG_IOCTRL_SD1_D1
0x0300_10D8",,,,,,,,
,PWM[7],,I/O,JTAG_CPU_TMS,2,"FMUX_GPIO_REG_IOCTRL_JTAG_CPU_TMS
0x0300_1064",,,,,,,,
,PWM[7],,I/O,SD1_D0,7,"FMUX_GPIO_REG_IOCTRL_SD1_D0
0x0300_10DC",,,,,,,,
,PWM[8],,I/O,PWR_GPIO0,4,"FMUX_GPIO_REG_IOCTRL_PWR_GPIO0
0x0300_10A4",,,,,,,,
,PWM[8],,I/O,MUX_SPI1_MOSI,4,"FMUX_GPIO_REG_IOCTRL_MUX_SPI1_MOSI
0x0300_1118",,,,,,,,
,PWM[8],,I/O,SD1_CMD,7,"FMUX_GPIO_REG_IOCTRL_SD1_CMD
0x0300_10E0",,,,,,,,
,PWM[8],,I/O,UART2_RTS,1,"FMUX_GPIO_REG_IOCTRL_UART2_RTS
0x0300_10C4",,,,,,,,
,PWM[8],,I/O,PAD_MIPI_TXM2,5,"FMUX_GPIO_REG_IOCTRL_PAD_MIPI_TXM2
0x0300_11A4",,,,,,,,
,PWM[9],,I/O,PWR_GPIO1,4,"FMUX_GPIO_REG_IOCTRL_PWR_GPIO1
0x0300_10A8",,,,,,,,
,PWM[9],,I/O,MUX_SPI1_MISO,4,"FMUX_GPIO_REG_IOCTRL_MUX_SPI1_MISO
0x0300_1114",,,,,,,,
,PWM[9],,I/O,SD1_CLK,7,"FMUX_GPIO_REG_IOCTRL_SD1_CLK
0x0300_10E4",,,,,,,,
,PWM[9],,I/O,UART2_CTS,1,"FMUX_GPIO_REG_IOCTRL_UART2_CTS
0x0300_10CC",,,,,,,,
,PWM[9],,I/O,PAD_MIPI_TXP2,5,"FMUX_GPIO_REG_IOCTRL_PAD_MIPI_TXP2
0x0300_11A8",,,,,,,,
,PWM[10],,I/O,PWR_GPIO2,4,"FMUX_GPIO_REG_IOCTRL_PWR_GPIO2
0x0300_10AC",,,,,,,,
,PWM[10],,I/O,MUX_SPI1_SCK,4,"FMUX_GPIO_REG_IOCTRL_MUX_SPI1_SCK
0x0300_1120",,,,,,,,
,PWM[10],,I/O,UART2_RX,1,"FMUX_GPIO_REG_IOCTRL_UART2_RX
0x0300_10C8",,,,,,,,
,PWM[10],,I/O,SD0_D3,5,"FMUX_GPIO_REG_IOCTRL_SD0_D3
0x0300_1030",,,,,,,,
,PWM[10],,I/O,PAD_MIPI_TXM1,5,"FMUX_GPIO_REG_IOCTRL_PAD_MIPI_TXM1
0x0300_11AC",,,,,,,,
,PWM[11],,I/O,MUX_SPI1_CS,4,"FMUX_GPIO_REG_IOCTRL_MUX_SPI1_CS
0x0300_111C",,,,,,,,
,PWM[11],,I/O,UART2_TX,1,"FMUX_GPIO_REG_IOCTRL_UART2_TX
0x0300_10C0",,,,,,,,
,PWM[11],,I/O,SD0_D2,5,"FMUX_GPIO_REG_IOCTRL_SD0_D2
0x0300_102C",,,,,,,,
,PWM[11],,I/O,PAD_MIPI_TXP1,5,"FMUX_GPIO_REG_IOCTRL_PAD_MIPI_TXP1
0x0300_11B0",,,,,,,,
,PWM[12],,I/O,ADC3,4,"FMUX_GPIO_REG_IOCTRL_ADC3
0x0300_10F0",,,,,,,,
,PWM[12],,I/O,PAD_ETH_TXM___EPHY_RXP,4,"FMUX_GPIO_REG_IOCTRL_PAD_ETH_TXM
0x0300_1128",,,,,,,,
,PWM[12],,I/O,SD0_D1,5,"FMUX_GPIO_REG_IOCTRL_SD0_D1
0x0300_1028",,,,,,,,
,PWM[12],,I/O,PAD_MIPI_TXM4,5,"FMUX_GPIO_REG_IOCTRL_PAD_MIPI_TXM4
0x0300_1194",,,,,,,,
,PWM[13],,I/O,ADC2,4,"FMUX_GPIO_REG_IOCTRL_ADC2
0x0300_10F4",,,,,,,,
,PWM[13],,I/O,PAD_ETH_TXP___EPHY_RXN,4,"FMUX_GPIO_REG_IOCTRL_PAD_ETH_TXP
0x0300_1124",,,,,,,,
,PWM[13],,I/O,SD0_D0,5,"FMUX_GPIO_REG_IOCTRL_SD0_D0
0x0300_1024",,,,,,,,
,PWM[13],,I/O,PAD_MIPI_TXP4,5,"FMUX_GPIO_REG_IOCTRL_PAD_MIPI_TXP4
0x0300_1198",,,,,,,,
,PWM[14],,I/O,PAD_ETH_RXM___EPHY_TXP,4,"FMUX_GPIO_REG_IOCTRL_PAD_ETH_RXM
0x0300_1130",,,,,,,,
,PWM[14],,I/O,IIC2_SCL,1,"FMUX_GPIO_REG_IOCTRL_IIC2_SCL
0x0300_10B8",,,,,,,,
,PWM[14],,I/O,SD0_CMD,5,"FMUX_GPIO_REG_IOCTRL_SD0_CMD
0x0300_1020",,,,,,,,
,PWM[14],,I/O,PAD_MIPI_TXM3,5,"FMUX_GPIO_REG_IOCTRL_PAD_MIPI_TXM3
0x0300_119C",,,,,,,,
,PWM[14],,I/O,PAD_MIPI_TXM0,5,"FMUX_GPIO_REG_IOCTRL_PAD_MIPI_TXM0
0x0300_11B4",,,,,,,,
,PWM[15],,I/O,PAD_ETH_RXP___EPHY_TXN,4,"FMUX_GPIO_REG_IOCTRL_PAD_ETH_RXP
0x0300_112C",,,,,,,,
,PWM[15],,I/O,IIC2_SDA,1,"FMUX_GPIO_REG_IOCTRL_IIC2_SDA
0x0300_10BC",,,,,,,,
,PWM[15],,I/O,SD0_CLK,5,"FMUX_GPIO_REG_IOCTRL_SD0_CLK
0x0300_101C",,,,,,,,
,PWM[15],,I/O,PAD_MIPI_TXP3,5,"FMUX_GPIO_REG_IOCTRL_PAD_MIPI_TXP3
0x0300_11A0",,,,,,,,
,PWM[15],,I/O,PAD_MIPI_TXP0,5,"FMUX_GPIO_REG_IOCTRL_PAD_MIPI_TXP0
0x0300_11B8",,,,,,,,
"CA53 JTAG (2W)

RISCV JTAG (4W)

I2C0",CR_4WTCK,,I/O,JTAG_CPU_TCK,0,"FMUX_GPIO_REG_IOCTRL_JTAG_CPU_TCK
0x0300_1068",,,,,,,,
,CR_4WTMS,,I/O,JTAG_CPU_TMS,0,"FMUX_GPIO_REG_IOCTRL_JTAG_CPU_TMS
0x0300_1064",,,,,,,,
,CR_2WTCK,,I/O,PAD_MIPIRX3P,0,"FMUX_GPIO_REG_IOCTRL_PAD_MIPIRX3P
0x0300_1178",,,,,,,,
,CR_2WTCK,,I/O,PAD_MIPI_TXP1,0,"FMUX_GPIO_REG_IOCTRL_PAD_MIPI_TXP1
0x0300_11B0",,,,,,,,
,CR_2WTCK,,I/O,PWR_GPIO2,7,"FMUX_GPIO_REG_IOCTRL_PWR_GPIO2
0x0300_10AC",,,,,,,,
,CR_SCL0,,I/O,PAD_MIPIRX4N,0,"FMUX_GPIO_REG_IOCTRL_PAD_MIPIRX4N
0x0300_116C",,,,,,,,
,CR_SCL0,,I/O,PAD_MIPI_TXP2,0,"FMUX_GPIO_REG_IOCTRL_PAD_MIPI_TXP2
0x0300_11A8",,,,,,,,
,CR_SCL0,,I/O,CLK32K,2,"FMUX_GPIO_REG_IOCTRL_CLK32K
0x0300_10B0",,,,,,,,
,CR_2WTMS,,I/O,PAD_MIPIRX3N,0,"FMUX_GPIO_REG_IOCTRL_PAD_MIPIRX3N
0x0300_1174",,,,,,,,
,CR_2WTMS,,I/O,PAD_MIPI_TXM1,0,"FMUX_GPIO_REG_IOCTRL_PAD_MIPI_TXM1
0x0300_11AC",,,,,,,,
,CR_2WTMS,,I/O,CLK25M,2,"FMUX_GPIO_REG_IOCTRL_CLK25M
0x0300_10B4",,,,,,,,
,CR_SDA0,,I/O,PAD_MIPIRX4P,0,"FMUX_GPIO_REG_IOCTRL_PAD_MIPIRX4P
0x0300_1170",,,,,,,,
,CR_SDA0,,I/O,PAD_MIPI_TXM2,0,"FMUX_GPIO_REG_IOCTRL_PAD_MIPI_TXM2
0x0300_11A4",,,,,,,,
,CR_SDA0,,I/O,PWR_GPIO1,7,"FMUX_GPIO_REG_IOCTRL_PWR_GPIO1
0x0300_10A8",,,,,,,,
,CR_4WTDI,,I/O,IIC0_SCL,0,"FMUX_GPIO_REG_IOCTRL_IIC0_SCL
0x0300_1070",,,,,,,,
,CR_4WTDO,,I/O,IIC0_SDA,0,"FMUX_GPIO_REG_IOCTRL_IIC0_SDA
0x0300_1074",,,,,,,,
,JTAG_CPU_TRST,,I,JTAG_CPU_TRST,0,"FMUX_GPIO_REG_IOCTRL_JTAG_CPU_TRST
0x0300_106C",,,,,,,,
System,PWR_BUTTON1,,I,PWR_BUTTON1,0,"FMUX_GPIO_REG_IOCTRL_PWR_BUTTON1
0x0300_1098",,,,,,,,
,PWR_ON,,I,PWR_ON,0,"FMUX_GPIO_REG_IOCTRL_PWR_ON
0x0300_109C",,,,,,,,
,PWR_RSTN,,I,PWR_RSTN,0,"FMUX_GPIO_REG_IOCTRL_PWR_RSTN
0x0300_1080",,,,,,,,
,PWR_SEQ1,,O,PWR_SEQ1,0,"FMUX_GPIO_REG_IOCTRL_PWR_SEQ1
0x0300_1084",,,,,,,,
,PWR_SEQ2,,O,PWR_SEQ2,0,"FMUX_GPIO_REG_IOCTRL_PWR_SEQ2
0x0300_1088",,,,,,,,
,PWR_SEQ3,,O,PWR_SEQ3,0,"FMUX_GPIO_REG_IOCTRL_PWR_SEQ3
0x0300_108C",,,,,,,,
,PWR_WAKEUP0,,I,PWR_WAKEUP0,0,"FMUX_GPIO_REG_IOCTRL_PWR_WAKEUP0
0x0300_1090",,,,,,,,
,PWR_WAKEUP1,,I,PWR_WAKEUP1,0,"FMUX_GPIO_REG_IOCTRL_PWR_WAKEUP1
0x0300_1094",,,,,,,,
,RSTN,,I,RSTN,0,"FMUX_GPIO_REG_IOCTRL_RSTN
0x0300_10E8",,,,,,,,
,USB_ID,,I,USB_ID,0,"FMUX_GPIO_REG_IOCTRL_USB_ID
0x0300_10FC",,,,,,,,
,USB_VBUS_DET,,I,USB_VBUS_DET,0,"FMUX_GPIO_REG_IOCTRL_USB_VBUS_DET
0x0300_1108",,,,,,,,
,USB_VBUS_EN,,O,USB_VBUS_EN,0,"FMUX_GPIO_REG_IOCTRL_USB_VBUS_EN
0x0300_1100",,,,,,,,
no die IR,PWR_IR0,,I,PWR_WAKEUP0,1,"FMUX_GPIO_REG_IOCTRL_PWR_WAKEUP0
0x0300_1090",,,,,,,,
,PWR_IR1,,I,PWR_WAKEUP1,1,"FMUX_GPIO_REG_IOCTRL_PWR_WAKEUP1
0x0300_1094",,,,,,,,
SPI_NOR1 ,PWR_SPINOR1_CS_X,,O,SD1_D3,6,"FMUX_GPIO_REG_IOCTRL_SD1_D3
0x0300_10D0",,,,,,,,
,PWR_SPINOR1_HOLD_X,,I/O,SD1_D2,6,"FMUX_GPIO_REG_IOCTRL_SD1_D2
0x0300_10D4",,,,,,,,
,PWR_SPINOR1_MISO,,I/O,SD1_D0,6,"FMUX_GPIO_REG_IOCTRL_SD1_D0
0x0300_10DC",,,,,,,,
,PWR_SPINOR1_MOSI,,I/O,SD1_CMD,6,"FMUX_GPIO_REG_IOCTRL_SD1_CMD
0x0300_10E0",,,,,,,,
,PWR_SPINOR1_SCK,,O,SD1_CLK,6,"FMUX_GPIO_REG_IOCTRL_SD1_CLK
0x0300_10E4",,,,,,,,
,PWR_SPINOR1_WP_X,,I/O,SD1_D1,6,"FMUX_GPIO_REG_IOCTRL_SD1_D1
0x0300_10D8",,,,,,,,
RMII,RMII0_IRQ,,I/O,VIVO_D10,4,"FMUX_GPIO_REG_IOCTRL_VIVO_D10
0x0300_1134",,,,,,,,
,RMII0_MDC,,I/O,VIVO_D4,4,"FMUX_GPIO_REG_IOCTRL_VIVO_D4
0x0300_114C",,,,,,,,
,RMII0_MDIO,,I/O,VIVO_D8,4,"FMUX_GPIO_REG_IOCTRL_VIVO_D8
0x0300_113C",,,,,,,,
,RMII0_REFCLKI,,I/O,VIVO_D6,4,"FMUX_GPIO_REG_IOCTRL_VIVO_D6
0x0300_1144",,,,,,,,
,RMII0_RXD0,,I,VIVO_D5,4,"FMUX_GPIO_REG_IOCTRL_VIVO_D5
0x0300_1148",,,,,,,,
,RMII0_RXD1,,I,VIVO_D7,4,"FMUX_GPIO_REG_IOCTRL_VIVO_D7
0x0300_1140",,,,,,,,
,RMII0_RXDV,,I,VIVO_D1,4,"FMUX_GPIO_REG_IOCTRL_VIVO_D1
0x0300_1158",,,,,,,,
,RMII0_TXCLK,,O,VIVO_D0,4,"FMUX_GPIO_REG_IOCTRL_VIVO_D0
0x0300_115C",,,,,,,,
,RMII0_TXD0,,O,VIVO_D3,4,"FMUX_GPIO_REG_IOCTRL_VIVO_D3
0x0300_1150",,,,,,,,
,RMII0_TXD1,,O,VIVO_D2,4,"FMUX_GPIO_REG_IOCTRL_VIVO_D2
0x0300_1154",,,,,,,,
,RMII0_TXEN,,O,VIVO_CLK,4,"FMUX_GPIO_REG_IOCTRL_VIVO_CLK
0x0300_1160",,,,,,,,
SD1 ,SD1_CLK,,O,PAD_MIPI_TXM4,1,"FMUX_GPIO_REG_IOCTRL_PAD_MIPI_TXM4
0x0300_1194",,,,,,,,
,SD1_CMD,,I/O,PAD_MIPI_TXP4,1,"FMUX_GPIO_REG_IOCTRL_PAD_MIPI_TXP4
0x0300_1198",,,,,,,,
,SD1_D0,,I/O,PAD_MIPI_TXM3,1,"FMUX_GPIO_REG_IOCTRL_PAD_MIPI_TXM3
0x0300_119C",,,,,,,,
,SD1_D1,,I/O,PAD_MIPI_TXP3,1,"FMUX_GPIO_REG_IOCTRL_PAD_MIPI_TXP3
0x0300_11A0",,,,,,,,
,SD1_D2,,I/O,PAD_MIPI_TXM2,7,"FMUX_GPIO_REG_IOCTRL_PAD_MIPI_TXM2
0x0300_11A4",,,,,,,,
,SD1_D3,,I/O,PAD_MIPI_TXP2,7,"FMUX_GPIO_REG_IOCTRL_PAD_MIPI_TXP2
0x0300_11A8",,,,,,,,
,PWR_SD1_CLK,,O,SD1_CLK,0,"FMUX_GPIO_REG_IOCTRL_SD1_CLK
0x0300_10E4",,,,,,,,
,PWR_SD1_CMD,,I/O,SD1_CMD,0,"FMUX_GPIO_REG_IOCTRL_SD1_CMD
0x0300_10E0",,,,,,,,
,PWR_SD1_D0,,I/O,SD1_D0,0,"FMUX_GPIO_REG_IOCTRL_SD1_D0
0x0300_10DC",,,,,,,,
,PWR_SD1_D1,,I/O,SD1_D1,0,"FMUX_GPIO_REG_IOCTRL_SD1_D1
0x0300_10D8",,,,,,,,
,PWR_SD1_D2,,I/O,SD1_D2,0,"FMUX_GPIO_REG_IOCTRL_SD1_D2
0x0300_10D4",,,,,,,,
,PWR_SD1_D3,,I/O,SD1_D3,0,"FMUX_GPIO_REG_IOCTRL_SD1_D3
0x0300_10D0",,,,,,,,
SD0 ,SDIO0_CD,,I,SD0_CD,0,"FMUX_GPIO_REG_IOCTRL_SD0_CD
0x0300_1034",,,,,,,,
,SDIO0_CLK,,O,SD0_CLK,0,"FMUX_GPIO_REG_IOCTRL_SD0_CLK
0x0300_101C",,,,,,,,
,SDIO0_CMD,,I/O,SD0_CMD,0,"FMUX_GPIO_REG_IOCTRL_SD0_CMD
0x0300_1020",,,,,,,,
,SDIO0_D[0],,I/O,SD0_D0,0,"FMUX_GPIO_REG_IOCTRL_SD0_D0
0x0300_1024",,,,,,,,
,SDIO0_D[1],,I/O,SD0_D1,0,"FMUX_GPIO_REG_IOCTRL_SD0_D1
0x0300_1028",,,,,,,,
,SDIO0_D[2],,I/O,SD0_D2,0,"FMUX_GPIO_REG_IOCTRL_SD0_D2
0x0300_102C",,,,,,,,
,SDIO0_D[3],,I/O,SD0_D3,0,"FMUX_GPIO_REG_IOCTRL_SD0_D3
0x0300_1030",,,,,,,,
,SDIO0_PWR_EN,,O,SD0_PWR_EN,0,"FMUX_GPIO_REG_IOCTRL_SD0_PWR_EN
0x0300_1038",,,,,,,,
SPI,SPI0_CS_X,,O,SD0_D3,2,"FMUX_GPIO_REG_IOCTRL_SD0_D3
0x0300_1030",,,,,,,,
,SPI0_CS_X,,O,PAD_MIPI_TXP2,6,"FMUX_GPIO_REG_IOCTRL_PAD_MIPI_TXP2
0x0300_11A8",,,,,,,,
,SPI0_SCK,,O,SD0_CLK,2,"FMUX_GPIO_REG_IOCTRL_SD0_CLK
0x0300_101C",,,,,,,,
,SPI0_SCK,,O,PAD_MIPI_TXM2,6,"FMUX_GPIO_REG_IOCTRL_PAD_MIPI_TXM2
0x0300_11A4",,,,,,,,
,SPI0_SDI,,I,SD0_D0,2,"FMUX_GPIO_REG_IOCTRL_SD0_D0
0x0300_1024",,,,,,,,
,SPI0_SDI,,I,PAD_MIPI_TXP1,6,"FMUX_GPIO_REG_IOCTRL_PAD_MIPI_TXP1
0x0300_11B0",,,,,,,,
,SPI0_SDO,,I/O,SD0_CMD,2,"FMUX_GPIO_REG_IOCTRL_SD0_CMD
0x0300_1020",,,,,,,,
,SPI0_SDO,,I/O,PAD_MIPI_TXM1,6,"FMUX_GPIO_REG_IOCTRL_PAD_MIPI_TXM1
0x0300_11AC",,,,,,,,
,SPI1_CS_X,,O,MUX_SPI1_CS,6,"FMUX_GPIO_REG_IOCTRL_MUX_SPI1_CS
0x0300_111C",,,,,,,,
,SPI1_CS_X,,O,PAD_ETH_RXM___EPHY_TXP,6,"FMUX_GPIO_REG_IOCTRL_PAD_ETH_RXM
0x0300_1130",,,,,,,,
,SPI1_SCK,,O,MUX_SPI1_SCK,6,"FMUX_GPIO_REG_IOCTRL_MUX_SPI1_SCK
0x0300_1120",,,,,,,,
,SPI1_SCK,,O,PAD_ETH_RXP___EPHY_TXN,6,"FMUX_GPIO_REG_IOCTRL_PAD_ETH_RXP
0x0300_112C",,,,,,,,
,SPI1_SDI,,I,MUX_SPI1_MISO,6,"FMUX_GPIO_REG_IOCTRL_MUX_SPI1_MISO
0x0300_1114",,,,,,,,
,SPI1_SDI,,I,PAD_ETH_TXM___EPHY_RXP,6,"FMUX_GPIO_REG_IOCTRL_PAD_ETH_TXM
0x0300_1128",,,,,,,,
,SPI1_SDO,,I/O,MUX_SPI1_MOSI,6,"FMUX_GPIO_REG_IOCTRL_MUX_SPI1_MOSI
0x0300_1118",,,,,,,,
,SPI1_SDO,,I/O,PAD_ETH_TXP___EPHY_RXN,6,"FMUX_GPIO_REG_IOCTRL_PAD_ETH_TXP
0x0300_1124",,,,,,,,
,SPI2_CS_X,,O,SD1_D3,1,"FMUX_GPIO_REG_IOCTRL_SD1_D3
0x0300_10D0",,,,,,,,
,SPI2_SCK,,O,SD1_CLK,1,"FMUX_GPIO_REG_IOCTRL_SD1_CLK
0x0300_10E4",,,,,,,,
,SPI2_SDI,,I,SD1_D0,1,"FMUX_GPIO_REG_IOCTRL_SD1_D0
0x0300_10DC",,,,,,,,
,SPI2_SDO,,I/O,SD1_CMD,1,"FMUX_GPIO_REG_IOCTRL_SD1_CMD
0x0300_10E0",,,,,,,,
,SPI3_CS_X,,O,VIVO_D5,5,"FMUX_GPIO_REG_IOCTRL_VIVO_D5
0x0300_1148",,,,,,,,
,SPI3_SCK,,O,VIVO_D6,5,"FMUX_GPIO_REG_IOCTRL_VIVO_D6
0x0300_1144",,,,,,,,
,SPI3_SDI,,I,VIVO_D7,5,"FMUX_GPIO_REG_IOCTRL_VIVO_D7
0x0300_1140",,,,,,,,
,SPI3_SDO,,I/O,VIVO_D8,5,"FMUX_GPIO_REG_IOCTRL_VIVO_D8
0x0300_113C",,,,,,,,
UART,UART0_RX,,I,UART0_RX,0,"FMUX_GPIO_REG_IOCTRL_UART0_RX
0x0300_1044",,,,,,,,
,UART0_TX,,O,UART0_TX,0,"FMUX_GPIO_REG_IOCTRL_UART0_TX
0x0300_1040",,,,,,,,
,UART1_CTS,,I,JTAG_CPU_TCK,4,"FMUX_GPIO_REG_IOCTRL_JTAG_CPU_TCK
0x0300_1068",,,,,,,,
,UART1_RTS,,O,JTAG_CPU_TMS,4,"FMUX_GPIO_REG_IOCTRL_JTAG_CPU_TMS
0x0300_1064",,,,,,,,
,UART1_RX,,I,SD0_D2,4,"FMUX_GPIO_REG_IOCTRL_SD0_D2
0x0300_102C",,,,,,,,
,UART1_RX,,I,UART0_RX,4,"FMUX_GPIO_REG_IOCTRL_UART0_RX
0x0300_1044",,,,,,,,
,UART1_RX,,I,PWR_BUTTON1,4,"FMUX_GPIO_REG_IOCTRL_PWR_BUTTON1
0x0300_1098",,,,,,,,
,UART1_RX,,I,PWR_ON,4,"FMUX_GPIO_REG_IOCTRL_PWR_ON
0x0300_109C",,,,,,,,
,UART1_RX,,I,JTAG_CPU_TCK,6,"FMUX_GPIO_REG_IOCTRL_JTAG_CPU_TCK
0x0300_1068",,,,,,,,
,UART1_RX,,I,IIC0_SDA,1,"FMUX_GPIO_REG_IOCTRL_IIC0_SDA
0x0300_1074",,,,,,,,
,UART1_TX,,O,SD0_D1,4,"FMUX_GPIO_REG_IOCTRL_SD0_D1
0x0300_1028",,,,,,,,
,UART1_TX,,O,UART0_TX,4,"FMUX_GPIO_REG_IOCTRL_UART0_TX
0x0300_1040",,,,,,,,
,UART1_TX,,O,PWR_WAKEUP0,4,"FMUX_GPIO_REG_IOCTRL_PWR_WAKEUP0
0x0300_1090",,,,,,,,
,UART1_TX,,O,PWR_WAKEUP1,4,"FMUX_GPIO_REG_IOCTRL_PWR_WAKEUP1
0x0300_1094",,,,,,,,
,UART1_TX,,O,JTAG_CPU_TMS,6,"FMUX_GPIO_REG_IOCTRL_JTAG_CPU_TMS
0x0300_1064",,,,,,,,
,UART1_TX,,O,IIC0_SCL,1,"FMUX_GPIO_REG_IOCTRL_IIC0_SCL
0x0300_1070",,,,,,,,
,UART2_CTS,,I,VIVO_D4,6,"FMUX_GPIO_REG_IOCTRL_VIVO_D4
0x0300_114C",,,,,,,,
,UART2_CTS,,I,UART2_CTS,0,"FMUX_GPIO_REG_IOCTRL_UART2_CTS
0x0300_10CC",,,,,,,,
,UART2_RTS,,O,VIVO_D3,6,"FMUX_GPIO_REG_IOCTRL_VIVO_D3
0x0300_1150",,,,,,,,
,UART2_RTS,,O,UART2_RTS,0,"FMUX_GPIO_REG_IOCTRL_UART2_RTS
0x0300_10C4",,,,,,,,
,UART2_RX,,I,UART2_RX,0,"FMUX_GPIO_REG_IOCTRL_UART2_RX
0x0300_10C8",,,,,,,,
,UART2_RX,,I,IIC2_SCL,4,"FMUX_GPIO_REG_IOCTRL_IIC2_SCL
0x0300_10B8",,,,,,,,
,UART2_RX,,I,IIC0_SDA,2,"FMUX_GPIO_REG_IOCTRL_IIC0_SDA
0x0300_1074",,,,,,,,
,UART2_RX,,I,SD1_D1,2,"FMUX_GPIO_REG_IOCTRL_SD1_D1
0x0300_10D8",,,,,,,,
,UART2_RX,,I,VIVO_D5,6,"FMUX_GPIO_REG_IOCTRL_VIVO_D5
0x0300_1148",,,,,,,,
,UART2_RX,,I,PWR_GPIO1,1,"FMUX_GPIO_REG_IOCTRL_PWR_GPIO1
0x0300_10A8",,,,,,,,
,UART2_RX,,I,VIVO_D9,7,"FMUX_GPIO_REG_IOCTRL_VIVO_D9
0x0300_1138",,,,,,,,
,UART2_RX,,I,VIVO_CLK,7,"FMUX_GPIO_REG_IOCTRL_VIVO_CLK
0x0300_1160",,,,,,,,
,UART2_TX,,O,UART2_TX,0,"FMUX_GPIO_REG_IOCTRL_UART2_TX
0x0300_10C0",,,,,,,,
,UART2_TX,,O,IIC2_SDA,4,"FMUX_GPIO_REG_IOCTRL_IIC2_SDA
0x0300_10BC",,,,,,,,
,UART2_TX,,O,IIC0_SCL,2,"FMUX_GPIO_REG_IOCTRL_IIC0_SCL
0x0300_1070",,,,,,,,
,UART2_TX,,O,SD1_D2,2,"FMUX_GPIO_REG_IOCTRL_SD1_D2
0x0300_10D4",,,,,,,,
,UART2_TX,,O,VIVO_D6,6,"FMUX_GPIO_REG_IOCTRL_VIVO_D6
0x0300_1144",,,,,,,,
,UART2_TX,,O,PWR_GPIO0,1,"FMUX_GPIO_REG_IOCTRL_PWR_GPIO0
0x0300_10A4",,,,,,,,
,UART2_TX,,O,VIVO_D10,7,"FMUX_GPIO_REG_IOCTRL_VIVO_D10
0x0300_1134",,,,,,,,
,UART2_TX,,O,VIVO_D2,7,"FMUX_GPIO_REG_IOCTRL_VIVO_D2
0x0300_1154",,,,,,,,
,UART3_CTS,,I,MUX_SPI1_CS,1,"FMUX_GPIO_REG_IOCTRL_MUX_SPI1_CS
0x0300_111C",,,,,,,,
,UART3_CTS,,I,PAD_ETH_RXM___EPHY_TXP,1,"FMUX_GPIO_REG_IOCTRL_PAD_ETH_RXM
0x0300_1130",,,,,,,,
,UART3_CTS,,I,SD1_D3,5,"FMUX_GPIO_REG_IOCTRL_SD1_D3
0x0300_10D0",,,,,,,,
,UART3_RTS,,O,MUX_SPI1_MISO,1,"FMUX_GPIO_REG_IOCTRL_MUX_SPI1_MISO
0x0300_1114",,,,,,,,
,UART3_RTS,,O,PAD_ETH_TXM___EPHY_RXP,1,"FMUX_GPIO_REG_IOCTRL_PAD_ETH_TXM
0x0300_1128",,,,,,,,
,UART3_RTS,,O,SD1_D0,5,"FMUX_GPIO_REG_IOCTRL_SD1_D0
0x0300_10DC",,,,,,,,
,UART3_RX,,I,SD0_D3,4,"FMUX_GPIO_REG_IOCTRL_SD0_D3
0x0300_1030",,,,,,,,
,UART3_RX,,I,MUX_SPI1_MOSI,1,"FMUX_GPIO_REG_IOCTRL_MUX_SPI1_MOSI
0x0300_1118",,,,,,,,
,UART3_RX,,I,PAD_ETH_TXP___EPHY_RXN,1,"FMUX_GPIO_REG_IOCTRL_PAD_ETH_TXP
0x0300_1124",,,,,,,,
,UART3_RX,,I,SD1_D1,5,"FMUX_GPIO_REG_IOCTRL_SD1_D1
0x0300_10D8",,,,,,,,
,UART3_RX,,I,ADC2,7,"FMUX_GPIO_REG_IOCTRL_ADC2
0x0300_10F4",,,,,,,,
,UART3_TX,,O,SD0_D0,4,"FMUX_GPIO_REG_IOCTRL_SD0_D0
0x0300_1024",,,,,,,,
,UART3_TX,,O,MUX_SPI1_SCK,1,"FMUX_GPIO_REG_IOCTRL_MUX_SPI1_SCK
0x0300_1120",,,,,,,,
,UART3_TX,,O,PAD_ETH_RXP___EPHY_TXN,1,"FMUX_GPIO_REG_IOCTRL_PAD_ETH_RXP
0x0300_112C",,,,,,,,
,UART3_TX,,O,SD1_D2,5,"FMUX_GPIO_REG_IOCTRL_SD1_D2
0x0300_10D4",,,,,,,,
,UART3_TX,,O,ADC3,7,"FMUX_GPIO_REG_IOCTRL_ADC3
0x0300_10F0",,,,,,,,
,UART4_CTS,,I,UART2_CTS,5,"FMUX_GPIO_REG_IOCTRL_UART2_CTS
0x0300_10CC",,,,,,,,
,UART4_RTS,,O,UART2_RTS,5,"FMUX_GPIO_REG_IOCTRL_UART2_RTS
0x0300_10C4",,,,,,,,
,UART4_RX,,I,UART2_RX,5,"FMUX_GPIO_REG_IOCTRL_UART2_RX
0x0300_10C8",,,,,,,,
,UART4_TX,,O,UART2_TX,5,"FMUX_GPIO_REG_IOCTRL_UART2_TX
0x0300_10C0",,,,,,,,
no die UART,PWR_UART0_RX,,I,PWR_GPIO0,2,"FMUX_GPIO_REG_IOCTRL_PWR_GPIO0
0x0300_10A4",,,,,,,,
,PWR_UART0_TX,,O,PWR_WAKEUP0,2,"FMUX_GPIO_REG_IOCTRL_PWR_WAKEUP0
0x0300_1090",,,,,,,,
,PWR_UART1_RX,,I,UART2_RX,2,"FMUX_GPIO_REG_IOCTRL_UART2_RX
0x0300_10C8",,,,,,,,
,PWR_UART1_TX,,O,UART2_TX,2,"FMUX_GPIO_REG_IOCTRL_UART2_TX
0x0300_10C0",,,,,,,,
Wiegand,WG0_D0,,I/O,PAD_MIPIRX5N,6,"FMUX_GPIO_REG_IOCTRL_PAD_MIPIRX5N
0x0300_1164",,,,,,,,
,WG0_D0,,I/O,PWR_WAKEUP1,7,"FMUX_GPIO_REG_IOCTRL_PWR_WAKEUP1
0x0300_1094",,,,,,,,
,WG0_D0,,I/O,SD0_D0,6,"FMUX_GPIO_REG_IOCTRL_SD0_D0
0x0300_1024",,,,,,,,
,WG0_D0,,I/O,IIC0_SCL,5,"FMUX_GPIO_REG_IOCTRL_IIC0_SCL
0x0300_1070",,,,,,,,
,WG0_D1,,I/O,PAD_MIPIRX5P,6,"FMUX_GPIO_REG_IOCTRL_PAD_MIPIRX5P
0x0300_1168",,,,,,,,
,WG0_D1,,I/O,PWR_ON,7,"FMUX_GPIO_REG_IOCTRL_PWR_ON
0x0300_109C",,,,,,,,
,WG0_D1,,I/O,SD0_D1,6,"FMUX_GPIO_REG_IOCTRL_SD0_D1
0x0300_1028",,,,,,,,
,WG0_D1,,I/O,IIC0_SDA,5,"FMUX_GPIO_REG_IOCTRL_IIC0_SDA
0x0300_1074",,,,,,,,
,WG1_D0,,I/O,VIVO_D0,6,"FMUX_GPIO_REG_IOCTRL_VIVO_D0
0x0300_115C",,,,,,,,
,WG1_D0,,I/O,SD0_D2,6,"FMUX_GPIO_REG_IOCTRL_SD0_D2
0x0300_102C",,,,,,,,
,WG1_D0,,I/O,IIC0_SDA,6,"FMUX_GPIO_REG_IOCTRL_IIC0_SDA
0x0300_1074",,,,,,,,
,WG1_D0,,I/O,UART2_RTS,7,"FMUX_GPIO_REG_IOCTRL_UART2_RTS
0x0300_10C4",,,,,,,,
,WG1_D1,,I/O,VIVO_CLK,6,"FMUX_GPIO_REG_IOCTRL_VIVO_CLK
0x0300_1160",,,,,,,,
,WG1_D1,,I/O,SD0_D3,6,"FMUX_GPIO_REG_IOCTRL_SD0_D3
0x0300_1030",,,,,,,,
,WG1_D1,,I/O,AUX0,6,"FMUX_GPIO_REG_IOCTRL_AUX0
0x0300_1078",,,,,,,,
,WG1_D1,,I/O,UART2_CTS,7,"FMUX_GPIO_REG_IOCTRL_UART2_CTS
0x0300_10CC",,,,,,,,
,WG2_D0,,I/O,ADC3,6,"FMUX_GPIO_REG_IOCTRL_ADC3
0x0300_10F0",,,,,,,,
,WG2_D0,,I/O,PWR_WAKEUP0,7,"FMUX_GPIO_REG_IOCTRL_PWR_WAKEUP0
0x0300_1090",,,,,,,,
,WG2_D0,,I/O,UART2_TX,7,"FMUX_GPIO_REG_IOCTRL_UART2_TX
0x0300_10C0",,,,,,,,
,WG2_D1,,I/O,ADC2,6,"FMUX_GPIO_REG_IOCTRL_ADC2
0x0300_10F4",,,,,,,,
,WG2_D1,,I/O,PWR_BUTTON1,7,"FMUX_GPIO_REG_IOCTRL_PWR_BUTTON1
0x0300_1098",,,,,,,,
,WG2_D1,,I/O,UART2_RX,7,"FMUX_GPIO_REG_IOCTRL_UART2_RX
0x0300_10C8",,,,,,,,
GPIO,XGPIOA[0],,I/O,CAM_MCLK0,3,"FMUX_GPIO_REG_IOCTRL_CAM_MCLK0
0x0300_1000",,,,,,,,
,XGPIOA[1],,I/O,CAM_PD0,3,"FMUX_GPIO_REG_IOCTRL_CAM_PD0
0x0300_1004",,,,,,,,
,XGPIOA[2],,I/O,CAM_RST0,3,"FMUX_GPIO_REG_IOCTRL_CAM_RST0
0x0300_1008",,,,,,,,
,XGPIOA[3],,I/O,CAM_MCLK1,3,"FMUX_GPIO_REG_IOCTRL_CAM_MCLK1
0x0300_100C",,,,,,,,
,XGPIOA[4],,I/O,CAM_PD1,3,"FMUX_GPIO_REG_IOCTRL_CAM_PD1
0x0300_1010",,,,,,,,
,XGPIOA[5],,I/O,IIC3_SCL,3,"FMUX_GPIO_REG_IOCTRL_IIC3_SCL
0x0300_1014",,,,,,,,
,XGPIOA[6],,I/O,IIC3_SDA,3,"FMUX_GPIO_REG_IOCTRL_IIC3_SDA
0x0300_1018",,,,,,,,
,XGPIOA[7],,I/O,SD0_CLK,3,"FMUX_GPIO_REG_IOCTRL_SD0_CLK
0x0300_101C",,,,,,,,
,XGPIOA[8],,I/O,SD0_CMD,3,"FMUX_GPIO_REG_IOCTRL_SD0_CMD
0x0300_1020",,,,,,,,
,XGPIOA[9],,I/O,SD0_D0,3,"FMUX_GPIO_REG_IOCTRL_SD0_D0
0x0300_1024",,,,,,,,
,XGPIOA[10],,I/O,SD0_D1,3,"FMUX_GPIO_REG_IOCTRL_SD0_D1
0x0300_1028",,,,,,,,
,XGPIOA[11],,I/O,SD0_D2,3,"FMUX_GPIO_REG_IOCTRL_SD0_D2
0x0300_102C",,,,,,,,
,XGPIOA[12],,I/O,SD0_D3,3,"FMUX_GPIO_REG_IOCTRL_SD0_D3
0x0300_1030",,,,,,,,
,XGPIOA[13],,I/O,SD0_CD,3,"FMUX_GPIO_REG_IOCTRL_SD0_CD
0x0300_1034",,,,,,,,
,XGPIOA[14],,I/O,SD0_PWR_EN,3,"FMUX_GPIO_REG_IOCTRL_SD0_PWR_EN
0x0300_1038",,,,,,,,
,XGPIOA[15],,I/O,SPK_EN,3,"FMUX_GPIO_REG_IOCTRL_SPK_EN
0x0300_103C",,,,,,,,
,XGPIOA[16],,I/O,UART0_TX,3,"FMUX_GPIO_REG_IOCTRL_UART0_TX
0x0300_1040",,,,,,,,
,XGPIOA[17],,I/O,UART0_RX,3,"FMUX_GPIO_REG_IOCTRL_UART0_RX
0x0300_1044",,,,,,,,
,XGPIOA[18],,I/O,JTAG_CPU_TCK,3,"FMUX_GPIO_REG_IOCTRL_JTAG_CPU_TCK
0x0300_1068",,,,,,,,
,XGPIOA[19],,I/O,JTAG_CPU_TMS,3,"FMUX_GPIO_REG_IOCTRL_JTAG_CPU_TMS
0x0300_1064",,,,,,,,
,XGPIOA[20],,I/O,JTAG_CPU_TRST,3,"FMUX_GPIO_REG_IOCTRL_JTAG_CPU_TRST
0x0300_106C",,,,,,,,
,XGPIOA[21],,I/O,EMMC_RSTN,3,"FMUX_GPIO_REG_IOCTRL_EMMC_RSTN
0x0300_1048",,,,,,,,
,XGPIOA[22],,I/O,EMMC_CLK,3,"FMUX_GPIO_REG_IOCTRL_EMMC_CLK
0x0300_1050",,,,,,,,
,XGPIOA[23],,I/O,EMMC_CMD,3,"FMUX_GPIO_REG_IOCTRL_EMMC_CMD
0x0300_105C",,,,,,,,
,XGPIOA[24],,I/O,EMMC_DAT1,3,"FMUX_GPIO_REG_IOCTRL_EMMC_DAT1
0x0300_1060",,,,,,,,
,XGPIOA[25],,I/O,EMMC_DAT0,3,"FMUX_GPIO_REG_IOCTRL_EMMC_DAT0
0x0300_1054",,,,,,,,
,XGPIOA[26],,I/O,EMMC_DAT2,3,"FMUX_GPIO_REG_IOCTRL_EMMC_DAT2
0x0300_104C",,,,,,,,
,XGPIOA[27],,I/O,EMMC_DAT3,3,"FMUX_GPIO_REG_IOCTRL_EMMC_DAT3
0x0300_1058",,,,,,,,
,XGPIOA[28],,I/O,IIC0_SCL,3,"FMUX_GPIO_REG_IOCTRL_IIC0_SCL
0x0300_1070",,,,,,,,
,XGPIOA[29],,I/O,IIC0_SDA,3,"FMUX_GPIO_REG_IOCTRL_IIC0_SDA
0x0300_1074",,,,,,,,
,XGPIOA[30],,I/O,AUX0,3,"FMUX_GPIO_REG_IOCTRL_AUX0
0x0300_1078",,,,,,,,
,XGPIOB[0],,I/O,PWM0_BUCK,3,"FMUX_GPIO_REG_IOCTRL_PWM0_BUCK
0x0300_10EC",,,,,,,,
,XGPIOB[1],,I/O,ADC3,3,"FMUX_GPIO_REG_IOCTRL_ADC3
0x0300_10F0",,,,,,,,
,XGPIOB[10],,I/O,MUX_SPI1_CS,3,"FMUX_GPIO_REG_IOCTRL_MUX_SPI1_CS
0x0300_111C",,,,,,,,
,XGPIOB[11],,I/O,VIVO_D10,3,"FMUX_GPIO_REG_IOCTRL_VIVO_D10
0x0300_1134",,,,,,,,
,XGPIOB[12],,I/O,VIVO_D9,3,"FMUX_GPIO_REG_IOCTRL_VIVO_D9
0x0300_1138",,,,,,,,
,XGPIOB[13],,I/O,VIVO_D8,3,"FMUX_GPIO_REG_IOCTRL_VIVO_D8
0x0300_113C",,,,,,,,
,XGPIOB[14],,I/O,VIVO_D7,3,"FMUX_GPIO_REG_IOCTRL_VIVO_D7
0x0300_1140",,,,,,,,
,XGPIOB[15],,I/O,VIVO_D6,3,"FMUX_GPIO_REG_IOCTRL_VIVO_D6
0x0300_1144",,,,,,,,
,XGPIOB[16],,I/O,VIVO_D5,3,"FMUX_GPIO_REG_IOCTRL_VIVO_D5
0x0300_1148",,,,,,,,
,XGPIOB[17],,I/O,VIVO_D4,3,"FMUX_GPIO_REG_IOCTRL_VIVO_D4
0x0300_114C",,,,,,,,
,XGPIOB[18],,I/O,VIVO_D3,3,"FMUX_GPIO_REG_IOCTRL_VIVO_D3
0x0300_1150",,,,,,,,
,XGPIOB[19],,I/O,VIVO_D2,3,"FMUX_GPIO_REG_IOCTRL_VIVO_D2
0x0300_1154",,,,,,,,
,XGPIOB[2],,I/O,ADC2,3,"FMUX_GPIO_REG_IOCTRL_ADC2
0x0300_10F4",,,,,,,,
,XGPIOB[20],,I/O,VIVO_D1,3,"FMUX_GPIO_REG_IOCTRL_VIVO_D1
0x0300_1158",,,,,,,,
,XGPIOB[21],,I/O,VIVO_D0,3,"FMUX_GPIO_REG_IOCTRL_VIVO_D0
0x0300_115C",,,,,,,,
,XGPIOB[22],,I/O,VIVO_CLK,3,"FMUX_GPIO_REG_IOCTRL_VIVO_CLK
0x0300_1160",,,,,,,,
,XGPIOB[23],,I/O,GPIO_RTX___EPHY_RTX,3,"FMUX_GPIO_REG_IOCTRL_GPIO_RTX
0x0300_11CC",,,,,,,,
,XGPIOB[24],,I/O,PAD_ETH_TXM___EPHY_RXP,3,"FMUX_GPIO_REG_IOCTRL_PAD_ETH_TXM
0x0300_1128",,,,,,,,
,XGPIOB[25],,I/O,PAD_ETH_TXP___EPHY_RXN,3,"FMUX_GPIO_REG_IOCTRL_PAD_ETH_TXP
0x0300_1124",,,,,,,,
,XGPIOB[26],,I/O,PAD_ETH_RXM___EPHY_TXP,3,"FMUX_GPIO_REG_IOCTRL_PAD_ETH_RXM
0x0300_1130",,,,,,,,
,XGPIOB[27],,I/O,PAD_ETH_RXP___EPHY_TXN,3,"FMUX_GPIO_REG_IOCTRL_PAD_ETH_RXP
0x0300_112C",,,,,,,,
,XGPIOB[3],,I/O,ADC1,3,"FMUX_GPIO_REG_IOCTRL_ADC1
0x0300_10F8",,,,,,,,
,XGPIOB[4],,I/O,USB_ID,3,"FMUX_GPIO_REG_IOCTRL_USB_ID
0x0300_10FC",,,,,,,,
,XGPIOB[5],,I/O,USB_VBUS_EN,3,"FMUX_GPIO_REG_IOCTRL_USB_VBUS_EN
0x0300_1100",,,,,,,,
,XGPIOB[6],,I/O,USB_VBUS_DET,3,"FMUX_GPIO_REG_IOCTRL_USB_VBUS_DET
0x0300_1108",,,,,,,,
,XGPIOB[7],,I/O,MUX_SPI1_MOSI,3,"FMUX_GPIO_REG_IOCTRL_MUX_SPI1_MOSI
0x0300_1118",,,,,,,,
,XGPIOB[8],,I/O,MUX_SPI1_MISO,3,"FMUX_GPIO_REG_IOCTRL_MUX_SPI1_MISO
0x0300_1114",,,,,,,,
,XGPIOB[9],,I/O,MUX_SPI1_SCK,3,"FMUX_GPIO_REG_IOCTRL_MUX_SPI1_SCK
0x0300_1120",,,,,,,,
,XGPIOC[0],,I/O,PAD_MIPIRX5N,3,"FMUX_GPIO_REG_IOCTRL_PAD_MIPIRX5N
0x0300_1164",,,,,,,,
,XGPIOC[1],,I/O,PAD_MIPIRX5P,3,"FMUX_GPIO_REG_IOCTRL_PAD_MIPIRX5P
0x0300_1168",,,,,,,,
,XGPIOC[2],,I/O,PAD_MIPIRX4N,3,"FMUX_GPIO_REG_IOCTRL_PAD_MIPIRX4N
0x0300_116C",,,,,,,,
,XGPIOC[3],,I/O,PAD_MIPIRX4P,3,"FMUX_GPIO_REG_IOCTRL_PAD_MIPIRX4P
0x0300_1170",,,,,,,,
,XGPIOC[4],,I/O,PAD_MIPIRX3N,3,"FMUX_GPIO_REG_IOCTRL_PAD_MIPIRX3N
0x0300_1174",,,,,,,,
,XGPIOC[5],,I/O,PAD_MIPIRX3P,3,"FMUX_GPIO_REG_IOCTRL_PAD_MIPIRX3P
0x0300_1178",,,,,,,,
,XGPIOC[6],,I/O,PAD_MIPIRX2N,3,"FMUX_GPIO_REG_IOCTRL_PAD_MIPIRX2N
0x0300_117C",,,,,,,,
,XGPIOC[7],,I/O,PAD_MIPIRX2P,3,"FMUX_GPIO_REG_IOCTRL_PAD_MIPIRX2P
0x0300_1180",,,,,,,,
,XGPIOC[8],,I/O,PAD_MIPIRX1N,3,"FMUX_GPIO_REG_IOCTRL_PAD_MIPIRX1N
0x0300_1184",,,,,,,,
,XGPIOC[9],,I/O,PAD_MIPIRX1P,3,"FMUX_GPIO_REG_IOCTRL_PAD_MIPIRX1P
0x0300_1188",,,,,,,,
,XGPIOC[10],,I/O,PAD_MIPIRX0N,3,"FMUX_GPIO_REG_IOCTRL_PAD_MIPIRX0N
0x0300_118C",,,,,,,,
,XGPIOC[11],,I/O,PAD_MIPIRX0P,3,"FMUX_GPIO_REG_IOCTRL_PAD_MIPIRX0P
0x0300_1190",,,,,,,,
,XGPIOC[12],,I/O,PAD_MIPI_TXM0,3,"FMUX_GPIO_REG_IOCTRL_PAD_MIPI_TXM0
0x0300_11B4",,,,,,,,
,XGPIOC[13],,I/O,PAD_MIPI_TXP0,3,"FMUX_GPIO_REG_IOCTRL_PAD_MIPI_TXP0
0x0300_11B8",,,,,,,,
,XGPIOC[14],,I/O,PAD_MIPI_TXM1,3,"FMUX_GPIO_REG_IOCTRL_PAD_MIPI_TXM1
0x0300_11AC",,,,,,,,
,XGPIOC[15],,I/O,PAD_MIPI_TXP1,3,"FMUX_GPIO_REG_IOCTRL_PAD_MIPI_TXP1
0x0300_11B0",,,,,,,,
,XGPIOC[16],,I/O,PAD_MIPI_TXM2,3,"FMUX_GPIO_REG_IOCTRL_PAD_MIPI_TXM2
0x0300_11A4",,,,,,,,
,XGPIOC[17],,I/O,PAD_MIPI_TXP2,3,"FMUX_GPIO_REG_IOCTRL_PAD_MIPI_TXP2
0x0300_11A8",,,,,,,,
,XGPIOC[18],,I/O,PAD_MIPI_TXM4,3,"FMUX_GPIO_REG_IOCTRL_PAD_MIPI_TXM4
0x0300_1194",,,,,,,,
,XGPIOC[19],,I/O,PAD_MIPI_TXP4,3,"FMUX_GPIO_REG_IOCTRL_PAD_MIPI_TXP4
0x0300_1198",,,,,,,,
,XGPIOC[20],,I/O,PAD_MIPI_TXM3,3,"FMUX_GPIO_REG_IOCTRL_PAD_MIPI_TXM3
0x0300_119C",,,,,,,,
,XGPIOC[21],,I/O,PAD_MIPI_TXP3,3,"FMUX_GPIO_REG_IOCTRL_PAD_MIPI_TXP3
0x0300_11A0",,,,,,,,
,XGPIOC[22],,I/O,PAD_AUD_AINR_MIC,3,"FMUX_GPIO_REG_IOCTRL_PAD_AUD_AINR_MIC
0x0300_11C0",,,,,,,,
,XGPIOC[23],,I/O,PAD_AUD_AINL_MIC,3,"FMUX_GPIO_REG_IOCTRL_PAD_AUD_AINL_MIC
0x0300_11BC",,,,,,,,
,XGPIOC[24],,I/O,PAD_AUD_AOUTR,3,"FMUX_GPIO_REG_IOCTRL_PAD_AUD_AOUTR
0x0300_11C8",,,,,,,,
,XGPIOC[25],,I/O,PAD_AUD_AOUTL,3,"FMUX_GPIO_REG_IOCTRL_PAD_AUD_AOUTL
0x0300_11C4",,,,,,,,
No die domain GPIO,PWR_GPIO[0],,I/O,PWR_GPIO0,0,"FMUX_GPIO_REG_IOCTRL_PWR_GPIO0
0x0300_10A4",,,,,,,,
,PWR_GPIO[3],,I/O,PWR_SEQ1,3,"FMUX_GPIO_REG_IOCTRL_PWR_SEQ1
0x0300_1084",,,,,,,,
,PWR_GPIO[4],,I/O,PWR_SEQ2,3,"FMUX_GPIO_REG_IOCTRL_PWR_SEQ2
0x0300_1088",,,,,,,,
,PWR_GPIO[5],,I/O,PWR_SEQ3,3,"FMUX_GPIO_REG_IOCTRL_PWR_SEQ3
0x0300_108C",,,,,,,,
,PWR_GPIO[6](,,I/O,PWR_WAKEUP0,3,"FMUX_GPIO_REG_IOCTRL_PWR_WAKEUP0
0x0300_1090",,,,,,,,
,PWR_GPIO[7],,I/O,PWR_WAKEUP1,3,"FMUX_GPIO_REG_IOCTRL_PWR_WAKEUP1
0x0300_1094",,,,,,,,
,PWR_GPIO[8],,I/O,PWR_BUTTON1,3,"FMUX_GPIO_REG_IOCTRL_PWR_BUTTON1
0x0300_1098",,,,,,,,
,PWR_GPIO[9],,I/O,PWR_ON,3,"FMUX_GPIO_REG_IOCTRL_PWR_ON
0x0300_109C",,,,,,,,
,PWR_GPIO[10],,I/O,CLK32K,3,"FMUX_GPIO_REG_IOCTRL_CLK32K
0x0300_10B0",,,,,,,,
,PWR_GPIO[11],,I/O,CLK25M,3,"FMUX_GPIO_REG_IOCTRL_CLK25M
0x0300_10B4",,,,,,,,
,PWR_GPIO[12],,I/O,IIC2_SCL,3,"FMUX_GPIO_REG_IOCTRL_IIC2_SCL
0x0300_10B8",,,,,,,,
,PWR_GPIO[13],,I/O,IIC2_SDA,3,"FMUX_GPIO_REG_IOCTRL_IIC2_SDA
0x0300_10BC",,,,,,,,
,PWR_GPIO[14],,I/O,UART2_TX,3,"FMUX_GPIO_REG_IOCTRL_UART2_TX
0x0300_10C0",,,,,,,,
,PWR_GPIO[15],,I/O,UART2_RTS,3,"FMUX_GPIO_REG_IOCTRL_UART2_RTS
0x0300_10C4",,,,,,,,
,PWR_GPIO[16],,I/O,UART2_RX,3,"FMUX_GPIO_REG_IOCTRL_UART2_RX
0x0300_10C8",,,,,,,,
,PWR_GPIO[17],,I/O,UART2_CTS,3,"FMUX_GPIO_REG_IOCTRL_UART2_CTS
0x0300_10CC",,,,,,,,
,PWR_GPIO[18],,I/O,SD1_D3,3,"FMUX_GPIO_REG_IOCTRL_SD1_D3
0x0300_10D0",,,,,,,,
,PWR_GPIO[19],,I/O,SD1_D2,3,"FMUX_GPIO_REG_IOCTRL_SD1_D2
0x0300_10D4",,,,,,,,
,PWR_GPIO[20],,I/O,SD1_D1,3,"FMUX_GPIO_REG_IOCTRL_SD1_D1
0x0300_10D8",,,,,,,,
,PWR_GPIO[21],,I/O,SD1_D0,3,"FMUX_GPIO_REG_IOCTRL_SD1_D0
0x0300_10DC",,,,,,,,
,PWR_GPIO[22],,I/O,SD1_CMD,3,"FMUX_GPIO_REG_IOCTRL_SD1_CMD
0x0300_10E0",,,,,,,,
,PWR_GPIO[23],,I/O,SD1_CLK,3,"FMUX_GPIO_REG_IOCTRL_SD1_CLK
0x0300_10E4",,,,,,,,
,PWR_GPIO[24],,I/O,GPIO_ZQ___PAD_ZQ,3,"FMUX_GPIO_REG_IOCTRL_GPIO_ZQ
0x0300_11D0",,,,,,,,
Debug,DBG[0],,O,SD0_CLK,7,"FMUX_GPIO_REG_IOCTRL_SD0_CLK
0x0300_101C",,,,,,,,
,DBG[0],,O,CLK32K,7,"FMUX_GPIO_REG_IOCTRL_CLK32K
0x0300_10B0",,,,,,,,
,DBG[0],,O,PAD_MIPIRX5N,7,"FMUX_GPIO_REG_IOCTRL_PAD_MIPIRX5N
0x0300_1164",,,,,,,,
,DBG[1],,O,SD0_CMD,7,"FMUX_GPIO_REG_IOCTRL_SD0_CMD
0x0300_1020",,,,,,,,
,DBG[1],,O,CLK25M,7,"FMUX_GPIO_REG_IOCTRL_CLK25M
0x0300_10B4",,,,,,,,
,DBG[1],,O,PAD_MIPIRX5P,7,"FMUX_GPIO_REG_IOCTRL_PAD_MIPIRX5P
0x0300_1168",,,,,,,,
,DBG[10],,O,IIC0_SCL,7,"FMUX_GPIO_REG_IOCTRL_IIC0_SCL
0x0300_1070",,,,,,,,
,DBG[10],,O,PAD_MIPIRX0N,7,"FMUX_GPIO_REG_IOCTRL_PAD_MIPIRX0N
0x0300_118C",,,,,,,,
,DBG[11],,O,IIC0_SDA,7,"FMUX_GPIO_REG_IOCTRL_IIC0_SDA
0x0300_1074",,,,,,,,
,DBG[11],,O,PAD_MIPIRX0P,7,"FMUX_GPIO_REG_IOCTRL_PAD_MIPIRX0P
0x0300_1190",,,,,,,,
,DBG[12],,O,AUX0,7,"FMUX_GPIO_REG_IOCTRL_AUX0
0x0300_1078",,,,,,,,
,DBG[12],,O,PAD_MIPI_TXM0,7,"FMUX_GPIO_REG_IOCTRL_PAD_MIPI_TXM0
0x0300_11B4",,,,,,,,
,DBG[13],,O,MUX_SPI1_MOSI,7,"FMUX_GPIO_REG_IOCTRL_MUX_SPI1_MOSI
0x0300_1118",,,,,,,,
,DBG[13],,O,PAD_MIPI_TXP0,7,"FMUX_GPIO_REG_IOCTRL_PAD_MIPI_TXP0
0x0300_11B8",,,,,,,,
,DBG[14],,O,MUX_SPI1_MISO,7,"FMUX_GPIO_REG_IOCTRL_MUX_SPI1_MISO
0x0300_1114",,,,,,,,
,DBG[14],,O,PAD_MIPI_TXM1,7,"FMUX_GPIO_REG_IOCTRL_PAD_MIPI_TXM1
0x0300_11AC",,,,,,,,
,DBG[15],,O,MUX_SPI1_SCK,7,"FMUX_GPIO_REG_IOCTRL_MUX_SPI1_SCK
0x0300_1120",,,,,,,,
,DBG[15],,O,PAD_MIPI_TXP1,7,"FMUX_GPIO_REG_IOCTRL_PAD_MIPI_TXP1
0x0300_11B0",,,,,,,,
,DBG[16],,O,MUX_SPI1_CS,7,"FMUX_GPIO_REG_IOCTRL_MUX_SPI1_CS
0x0300_111C",,,,,,,,
,DBG[18],,O,PAD_MIPI_TXM4,7,"FMUX_GPIO_REG_IOCTRL_PAD_MIPI_TXM4
0x0300_1194",,,,,,,,
,DBG[19],,O,PAD_MIPI_TXP4,7,"FMUX_GPIO_REG_IOCTRL_PAD_MIPI_TXP4
0x0300_1198",,,,,,,,
,DBG[2],,O,SD0_D0,7,"FMUX_GPIO_REG_IOCTRL_SD0_D0
0x0300_1024",,,,,,,,
,DBG[3],,O,SD0_D1,7,"FMUX_GPIO_REG_IOCTRL_SD0_D1
0x0300_1028",,,,,,,,
,DBG[4],,O,SD0_D2,7,"FMUX_GPIO_REG_IOCTRL_SD0_D2
0x0300_102C",,,,,,,,
,DBG[5],,O,SD0_D3,7,"FMUX_GPIO_REG_IOCTRL_SD0_D3
0x0300_1030",,,,,,,,
,DBG[6],,O,UART0_TX,7,"FMUX_GPIO_REG_IOCTRL_UART0_TX
0x0300_1040",,,,,,,,
,DBG[6],,O,PAD_MIPIRX2N,7,"FMUX_GPIO_REG_IOCTRL_PAD_MIPIRX2N
0x0300_117C",,,,,,,,
,DBG[7],,O,UART0_RX,7,"FMUX_GPIO_REG_IOCTRL_UART0_RX
0x0300_1044",,,,,,,,
,DBG[7],,O,PAD_MIPIRX2P,7,"FMUX_GPIO_REG_IOCTRL_PAD_MIPIRX2P
0x0300_1180",,,,,,,,
,DBG[8],,O,PAD_MIPIRX1N,7,"FMUX_GPIO_REG_IOCTRL_PAD_MIPIRX1N
0x0300_1184",,,,,,,,
,DBG[9],,O,PAD_MIPIRX1P,7,"FMUX_GPIO_REG_IOCTRL_PAD_MIPIRX1P
0x0300_1188",,,,,,,,
Others,MUX_SPI1_CS,,I/O,PAD_MIPIRX4P,7,"FMUX_GPIO_REG_IOCTRL_PAD_MIPIRX4P
0x0300_1170",,,,,,,,
,MUX_SPI1_MISO,,I/O,PAD_MIPIRX3N,7,"FMUX_GPIO_REG_IOCTRL_PAD_MIPIRX3N
0x0300_1174",,,,,,,,
,MUX_SPI1_MOSI,,I/O,PAD_MIPIRX3P,7,"FMUX_GPIO_REG_IOCTRL_PAD_MIPIRX3P
0x0300_1178",,,,,,,,
,MUX_SPI1_SCK,,I/O,PAD_MIPIRX4N,7,"FMUX_GPIO_REG_IOCTRL_PAD_MIPIRX4N
0x0300_116C",,,,,,,,
,PKG_TYPE0,,I,PKG_TYPE0,0,"FMUX_GPIO_REG_IOCTRL_PKG_TYPE0
0x0300_1104",,,,,,,,
,PKG_TYPE1,,I,PKG_TYPE1,0,"FMUX_GPIO_REG_IOCTRL_PKG_TYPE1
0x0300_110C",,,,,,,,
,PKG_TYPE2,,I,PKG_TYPE2,0,"FMUX_GPIO_REG_IOCTRL_PKG_TYPE2
0x0300_1110",,,,,,,,
