Pin Num,Pin Name,Register Name,Address,Field Name,Bit,Default,Field Description,Field Description,,
H12,RSTN,IOBLK_G1_REG_RSTN,0x0300_1800,IOBLK_G1_REG_RSTN_PU,2,0x1,上拉电阻使能. 0=无效; 1=有效,Pull up enable 0=disable; 1=enable,,
,,,,IOBLK_G1_REG_RSTN_PD,3,0x0,下拉电阻使能. 0=无效; 1=有效,Pull down enable 0=disable; 1=enable,,
,,,,IOBLK_G1_REG_RSTN_DS0,5,0x0,输出驱动能力档位 bit 0,Output buffer Driving Strength bit 0 ,,
,,,,IOBLK_G1_REG_RSTN_DS1,6,0x1,输出驱动能力档位 bit 1,Output buffer Driving Strength bit 1 ,,
,,,,IOBLK_G1_REG_RSTN_ST0,8,0x0,输入施密特触发器强度控制. bit 0,Input buffer Schmitt trigger level bit 0,,
,,,,IOBLK_G1_REG_RSTN_ST1,9,0x0,输入施密特触发器强度控制. bit 1,Input buffer Schmitt trigger level bit 1,,
,,,,IOBLK_G1_REG_RSTN_HE,10,0x0,弱电平维持器(Bus holder) 使能 . 0=无效 ; 1=有效,Bus holder enable 0=disable; 1=enable,,
,,,,IOBLK_G1_REG_RSTN_SL,11,0x0,输出电平转换速率限制. 0=无效(较快) ; 1=有效(较慢),Output Buffer Slew Rate Limit 0=disable; 1=enable,,
H13,PWM0_BUCK,IOBLK_G1_REG_PWM0_BUCK,0x0300_1804,IOBLK_G1_REG_PWM0_BUCK_PU,2,0x0,上拉电阻使能. 0=无效; 1=有效,Pull up enable 0=disable; 1=enable,,
,,,,IOBLK_G1_REG_PWM0_BUCK_PD,3,0x0,下拉电阻使能. 0=无效; 1=有效,Pull down enable 0=disable; 1=enable,,
,,,,IOBLK_G1_REG_PWM0_BUCK_DS0,5,0x0,输出驱动能力档位 bit 0,Output buffer Driving Strength bit 0 ,,
,,,,IOBLK_G1_REG_PWM0_BUCK_DS1,6,0x1,输出驱动能力档位 bit 1,Output buffer Driving Strength bit 1 ,,
,,,,IOBLK_G1_REG_PWM0_BUCK_ST0,8,0x0,输入施密特触发器强度控制. bit 0,Input buffer Schmitt trigger level bit 0,,
,,,,IOBLK_G1_REG_PWM0_BUCK_ST1,9,0x0,输入施密特触发器强度控制. bit 1,Input buffer Schmitt trigger level bit 1,,
,,,,IOBLK_G1_REG_PWM0_BUCK_HE,10,0x0,弱电平维持器(Bus holder) 使能 . 0=无效 ; 1=有效,Bus holder enable 0=disable; 1=enable,,
,,,,IOBLK_G1_REG_PWM0_BUCK_SL,11,0x0,输出电平转换速率限制. 0=无效(较快) ; 1=有效(较慢),Output Buffer Slew Rate Limit 0=disable; 1=enable,,
E15,ADC3,IOBLK_G1_REG_ADC3,0x0300_1808,IOBLK_G1_REG_ADC3_PU,2,0x0,上拉电阻使能. 0=无效; 1=有效,Pull up enable 0=disable; 1=enable,,
,,,,IOBLK_G1_REG_ADC3_PD,3,0x1,下拉电阻使能. 0=无效; 1=有效,Pull down enable 0=disable; 1=enable,,
,,,,IOBLK_G1_REG_ADC3_DS0,5,0x0,输出驱动能力档位 bit 0,Output buffer Driving Strength bit 0 ,,
,,,,IOBLK_G1_REG_ADC3_DS1,6,0x1,输出驱动能力档位 bit 1,Output buffer Driving Strength bit 1 ,,
,,,,IOBLK_G1_REG_ADC3_ST0,8,0x0,输入施密特触发器强度控制. bit 0,Input buffer Schmitt trigger level bit 0,,
,,,,IOBLK_G1_REG_ADC3_ST1,9,0x0,输入施密特触发器强度控制. bit 1,Input buffer Schmitt trigger level bit 1,,
,,,,IOBLK_G1_REG_ADC3_HE,10,0x0,弱电平维持器(Bus holder) 使能 . 0=无效 ; 1=有效,Bus holder enable 0=disable; 1=enable,,
,,,,IOBLK_G1_REG_ADC3_SL,11,0x0,输出电平转换速率限制. 0=无效(较快) ; 1=有效(较慢),Output Buffer Slew Rate Limit 0=disable; 1=enable,,
E14,ADC2,IOBLK_G1_REG_ADC2,0x0300_180C,IOBLK_G1_REG_ADC2_PU,2,0x0,上拉电阻使能. 0=无效; 1=有效,Pull up enable 0=disable; 1=enable,,
,,,,IOBLK_G1_REG_ADC2_PD,3,0x1,下拉电阻使能. 0=无效; 1=有效,Pull down enable 0=disable; 1=enable,,
,,,,IOBLK_G1_REG_ADC2_DS0,5,0x0,输出驱动能力档位 bit 0,Output buffer Driving Strength bit 0 ,,
,,,,IOBLK_G1_REG_ADC2_DS1,6,0x1,输出驱动能力档位 bit 1,Output buffer Driving Strength bit 1 ,,
,,,,IOBLK_G1_REG_ADC2_ST0,8,0x0,输入施密特触发器强度控制. bit 0,Input buffer Schmitt trigger level bit 0,,
,,,,IOBLK_G1_REG_ADC2_ST1,9,0x0,输入施密特触发器强度控制. bit 1,Input buffer Schmitt trigger level bit 1,,
,,,,IOBLK_G1_REG_ADC2_HE,10,0x0,弱电平维持器(Bus holder) 使能 . 0=无效 ; 1=有效,Bus holder enable 0=disable; 1=enable,,
,,,,IOBLK_G1_REG_ADC2_SL,11,0x0,输出电平转换速率限制. 0=无效(较快) ; 1=有效(较慢),Output Buffer Slew Rate Limit 0=disable; 1=enable,,
E13,ADC1,IOBLK_G1_REG_ADC1,0x0300_1810,IOBLK_G1_REG_ADC1_PU,2,0x0,上拉电阻使能. 0=无效; 1=有效,Pull up enable 0=disable; 1=enable,,
,,,,IOBLK_G1_REG_ADC1_PD,3,0x1,下拉电阻使能. 0=无效; 1=有效,Pull down enable 0=disable; 1=enable,,
,,,,IOBLK_G1_REG_ADC1_DS0,5,0x0,输出驱动能力档位 bit 0,Output buffer Driving Strength bit 0 ,,
,,,,IOBLK_G1_REG_ADC1_DS1,6,0x1,输出驱动能力档位 bit 1,Output buffer Driving Strength bit 1 ,,
,,,,IOBLK_G1_REG_ADC1_ST0,8,0x0,输入施密特触发器强度控制. bit 0,Input buffer Schmitt trigger level bit 0,,
,,,,IOBLK_G1_REG_ADC1_ST1,9,0x0,输入施密特触发器强度控制. bit 1,Input buffer Schmitt trigger level bit 1,,
,,,,IOBLK_G1_REG_ADC1_HE,10,0x0,弱电平维持器(Bus holder) 使能 . 0=无效 ; 1=有效,Bus holder enable 0=disable; 1=enable,,
,,,,IOBLK_G1_REG_ADC1_SL,11,0x0,输出电平转换速率限制. 0=无效(较快) ; 1=有效(较慢),Output Buffer Slew Rate Limit 0=disable; 1=enable,,
B13,USB_ID,IOBLK_G1_REG_USB_ID,0x0300_1814,IOBLK_G1_REG_USB_ID_PU,2,0x1,上拉电阻使能. 0=无效; 1=有效,Pull up enable 0=disable; 1=enable,,
,,,,IOBLK_G1_REG_USB_ID_PD,3,0x0,下拉电阻使能. 0=无效; 1=有效,Pull down enable 0=disable; 1=enable,,
,,,,IOBLK_G1_REG_USB_ID_DS0,5,0x0,输出驱动能力档位 bit 0,Output buffer Driving Strength bit 0 ,,
,,,,IOBLK_G1_REG_USB_ID_DS1,6,0x1,输出驱动能力档位 bit 1,Output buffer Driving Strength bit 1 ,,
,,,,IOBLK_G1_REG_USB_ID_ST0,8,0x0,输入施密特触发器强度控制. bit 0,Input buffer Schmitt trigger level bit 0,,
,,,,IOBLK_G1_REG_USB_ID_ST1,9,0x0,输入施密特触发器强度控制. bit 1,Input buffer Schmitt trigger level bit 1,,
,,,,IOBLK_G1_REG_USB_ID_HE,10,0x0,弱电平维持器(Bus holder) 使能 . 0=无效 ; 1=有效,Bus holder enable 0=disable; 1=enable,,
,,,,IOBLK_G1_REG_USB_ID_SL,11,0x0,输出电平转换速率限制. 0=无效(较快) ; 1=有效(较慢),Output Buffer Slew Rate Limit 0=disable; 1=enable,,
C12,USB_VBUS_EN,IOBLK_G1_REG_USB_VBUS_EN,0x0300_1818,IOBLK_G1_REG_USB_VBUS_EN_PU,2,0x0,上拉电阻使能. 0=无效; 1=有效,Pull up enable 0=disable; 1=enable,,
,,,,IOBLK_G1_REG_USB_VBUS_EN_PD,3,0x1,下拉电阻使能. 0=无效; 1=有效,Pull down enable 0=disable; 1=enable,,
,,,,IOBLK_G1_REG_USB_VBUS_EN_DS0,5,0x0,输出驱动能力档位 bit 0,Output buffer Driving Strength bit 0 ,,
,,,,IOBLK_G1_REG_USB_VBUS_EN_DS1,6,0x1,输出驱动能力档位 bit 1,Output buffer Driving Strength bit 1 ,,
,,,,IOBLK_G1_REG_USB_VBUS_EN_ST0,8,0x0,输入施密特触发器强度控制. bit 0,Input buffer Schmitt trigger level bit 0,,
,,,,IOBLK_G1_REG_USB_VBUS_EN_ST1,9,0x0,输入施密特触发器强度控制. bit 1,Input buffer Schmitt trigger level bit 1,,
,,,,IOBLK_G1_REG_USB_VBUS_EN_HE,10,0x0,弱电平维持器(Bus holder) 使能 . 0=无效 ; 1=有效,Bus holder enable 0=disable; 1=enable,,
,,,,IOBLK_G1_REG_USB_VBUS_EN_SL,11,0x0,输出电平转换速率限制. 0=无效(较快) ; 1=有效(较慢),Output Buffer Slew Rate Limit 0=disable; 1=enable,,
#N/A,PKG_TYPE0,IOBLK_G1_REG_PKG_TYPE0,0x0300_181C,IOBLK_G1_REG_PKG_TYPE0_PU,2,0x1,上拉电阻使能. 0=无效; 1=有效,Pull up enable 0=disable; 1=enable,,
,,,,IOBLK_G1_REG_PKG_TYPE0_PD,3,0x0,下拉电阻使能. 0=无效; 1=有效,Pull down enable 0=disable; 1=enable,,
,,,,IOBLK_G1_REG_PKG_TYPE0_DS0,5,0x0,输出驱动能力档位 bit 0,Output buffer Driving Strength bit 0 ,,
,,,,IOBLK_G1_REG_PKG_TYPE0_DS1,6,0x1,输出驱动能力档位 bit 1,Output buffer Driving Strength bit 1 ,,
,,,,IOBLK_G1_REG_PKG_TYPE0_ST0,8,0x0,输入施密特触发器强度控制. bit 0,Input buffer Schmitt trigger level bit 0,,
,,,,IOBLK_G1_REG_PKG_TYPE0_ST1,9,0x0,输入施密特触发器强度控制. bit 1,Input buffer Schmitt trigger level bit 1,,
,,,,IOBLK_G1_REG_PKG_TYPE0_HE,10,0x0,弱电平维持器(Bus holder) 使能 . 0=无效 ; 1=有效,Bus holder enable 0=disable; 1=enable,,
,,,,IOBLK_G1_REG_PKG_TYPE0_SL,11,0x0,输出电平转换速率限制. 0=无效(较快) ; 1=有效(较慢),Output Buffer Slew Rate Limit 0=disable; 1=enable,,
A13,USB_VBUS_DET,IOBLK_G1_REG_USB_VBUS_DET,0x0300_1820,IOBLK_G1_REG_USB_VBUS_DET_PU,2,0x0,上拉电阻使能. 0=无效; 1=有效,Pull up enable 0=disable; 1=enable,,
,,,,IOBLK_G1_REG_USB_VBUS_DET_PD,3,0x0,下拉电阻使能. 0=无效; 1=有效,Pull down enable 0=disable; 1=enable,,
,,,,IOBLK_G1_REG_USB_VBUS_DET_DS0,5,0x0,输出驱动能力档位 bit 0,Output buffer Driving Strength bit 0 ,,
,,,,IOBLK_G1_REG_USB_VBUS_DET_DS1,6,0x1,输出驱动能力档位 bit 1,Output buffer Driving Strength bit 1 ,,
,,,,IOBLK_G1_REG_USB_VBUS_DET_ST0,8,0x0,输入施密特触发器强度控制. bit 0,Input buffer Schmitt trigger level bit 0,,
,,,,IOBLK_G1_REG_USB_VBUS_DET_ST1,9,0x0,输入施密特触发器强度控制. bit 1,Input buffer Schmitt trigger level bit 1,,
,,,,IOBLK_G1_REG_USB_VBUS_DET_HE,10,0x0,弱电平维持器(Bus holder) 使能 . 0=无效 ; 1=有效,Bus holder enable 0=disable; 1=enable,,
,,,,IOBLK_G1_REG_USB_VBUS_DET_SL,11,0x0,输出电平转换速率限制. 0=无效(较快) ; 1=有效(较慢),Output Buffer Slew Rate Limit 0=disable; 1=enable,,
#N/A,PKG_TYPE1,IOBLK_G1_REG_PKG_TYPE1,0x0300_1824,IOBLK_G1_REG_PKG_TYPE1_PU,2,0x1,上拉电阻使能. 0=无效; 1=有效,Pull up enable 0=disable; 1=enable,,
,,,,IOBLK_G1_REG_PKG_TYPE1_PD,3,0x0,下拉电阻使能. 0=无效; 1=有效,Pull down enable 0=disable; 1=enable,,
,,,,IOBLK_G1_REG_PKG_TYPE1_DS0,5,0x0,输出驱动能力档位 bit 0,Output buffer Driving Strength bit 0 ,,
,,,,IOBLK_G1_REG_PKG_TYPE1_DS1,6,0x1,输出驱动能力档位 bit 1,Output buffer Driving Strength bit 1 ,,
,,,,IOBLK_G1_REG_PKG_TYPE1_ST0,8,0x0,输入施密特触发器强度控制. bit 0,Input buffer Schmitt trigger level bit 0,,
,,,,IOBLK_G1_REG_PKG_TYPE1_ST1,9,0x0,输入施密特触发器强度控制. bit 1,Input buffer Schmitt trigger level bit 1,,
,,,,IOBLK_G1_REG_PKG_TYPE1_HE,10,0x0,弱电平维持器(Bus holder) 使能 . 0=无效 ; 1=有效,Bus holder enable 0=disable; 1=enable,,
,,,,IOBLK_G1_REG_PKG_TYPE1_SL,11,0x0,输出电平转换速率限制. 0=无效(较快) ; 1=有效(较慢),Output Buffer Slew Rate Limit 0=disable; 1=enable,,
#N/A,PKG_TYPE2,IOBLK_G1_REG_PKG_TYPE2,0x0300_1828,IOBLK_G1_REG_PKG_TYPE2_PU,2,0x1,上拉电阻使能. 0=无效; 1=有效,Pull up enable 0=disable; 1=enable,,
,,,,IOBLK_G1_REG_PKG_TYPE2_PD,3,0x0,下拉电阻使能. 0=无效; 1=有效,Pull down enable 0=disable; 1=enable,,
,,,,IOBLK_G1_REG_PKG_TYPE2_DS0,5,0x0,输出驱动能力档位 bit 0,Output buffer Driving Strength bit 0 ,,
,,,,IOBLK_G1_REG_PKG_TYPE2_DS1,6,0x1,输出驱动能力档位 bit 1,Output buffer Driving Strength bit 1 ,,
,,,,IOBLK_G1_REG_PKG_TYPE2_ST0,8,0x0,输入施密特触发器强度控制. bit 0,Input buffer Schmitt trigger level bit 0,,
,,,,IOBLK_G1_REG_PKG_TYPE2_ST1,9,0x0,输入施密特触发器强度控制. bit 1,Input buffer Schmitt trigger level bit 1,,
,,,,IOBLK_G1_REG_PKG_TYPE2_HE,10,0x0,弱电平维持器(Bus holder) 使能 . 0=无效 ; 1=有效,Bus holder enable 0=disable; 1=enable,,
,,,,IOBLK_G1_REG_PKG_TYPE2_SL,11,0x0,输出电平转换速率限制. 0=无效(较快) ; 1=有效(较慢),Output Buffer Slew Rate Limit 0=disable; 1=enable,,
K2,SD0_CD,IOBLK_G7_REG_SD0_CD,0x0300_1900,IOBLK_G7_REG_SD0_CD_PU,2,0x1,上拉电阻使能. 0=无效; 1=有效,Pull up enable 0=disable; 1=enable,,
,,,,IOBLK_G7_REG_SD0_CD_PD,3,0x0,下拉电阻使能. 0=无效; 1=有效,Pull down enable 0=disable; 1=enable,,
,,,,IOBLK_G7_REG_SD0_CD_DS0,5,0x0,输出驱动能力档位 bit 0,Output buffer Driving Strength bit 0 ,,
,,,,IOBLK_G7_REG_SD0_CD_DS1,6,0x1,输出驱动能力档位 bit 1,Output buffer Driving Strength bit 1 ,,
,,,,IOBLK_G7_REG_SD0_CD_DS2,7,0x0,输出驱动能力档位 bit 2,Output buffer Driving Strength bit 2 ,,
,,,,IOBLK_G7_REG_SD0_CD_ST0,8,0x0,输入施密特触发器强度控制. bit 0,Input buffer Schmitt trigger level bit 0,,
,,,,IOBLK_G7_REG_SD0_CD_SL,11,0x0,输出电平转换速率限制. 0=无效(较快) ; 1=有效(较慢),Output Buffer Slew Rate Limit 0=disable; 1=enable,,
N1,SD0_PWR_EN,IOBLK_G7_REG_SD0_PWR_EN,0x0300_1904,IOBLK_G7_REG_SD0_PWR_EN_PU,2,0x0,上拉电阻使能. 0=无效; 1=有效,Pull up enable 0=disable; 1=enable,,
,,,,IOBLK_G7_REG_SD0_PWR_EN_PD,3,0x1,下拉电阻使能. 0=无效; 1=有效,Pull down enable 0=disable; 1=enable,,
,,,,IOBLK_G7_REG_SD0_PWR_EN_DS0,5,0x0,输出驱动能力档位 bit 0,Output buffer Driving Strength bit 0 ,,
,,,,IOBLK_G7_REG_SD0_PWR_EN_DS1,6,0x1,输出驱动能力档位 bit 1,Output buffer Driving Strength bit 1 ,,
,,,,IOBLK_G7_REG_SD0_PWR_EN_DS2,7,0x0,输出驱动能力档位 bit 2,Output buffer Driving Strength bit 2 ,,
,,,,IOBLK_G7_REG_SD0_PWR_EN_ST0,8,0x0,输入施密特触发器强度控制. bit 0,Input buffer Schmitt trigger level bit 0,,
,,,,IOBLK_G7_REG_SD0_PWR_EN_SL,11,0x0,输出电平转换速率限制. 0=无效(较快) ; 1=有效(较慢),Output Buffer Slew Rate Limit 0=disable; 1=enable,,
N3,SPK_EN,IOBLK_G7_REG_SPK_EN,0x0300_1908,IOBLK_G7_REG_SPK_EN_PU,2,0x0,上拉电阻使能. 0=无效; 1=有效,Pull up enable 0=disable; 1=enable,,
,,,,IOBLK_G7_REG_SPK_EN_PD,3,0x1,下拉电阻使能. 0=无效; 1=有效,Pull down enable 0=disable; 1=enable,,
,,,,IOBLK_G7_REG_SPK_EN_DS0,5,0x0,输出驱动能力档位 bit 0,Output buffer Driving Strength bit 0 ,,
,,,,IOBLK_G7_REG_SPK_EN_DS1,6,0x1,输出驱动能力档位 bit 1,Output buffer Driving Strength bit 1 ,,
,,,,IOBLK_G7_REG_SPK_EN_DS2,7,0x0,输出驱动能力档位 bit 2,Output buffer Driving Strength bit 2 ,,
,,,,IOBLK_G7_REG_SPK_EN_ST0,8,0x0,输入施密特触发器强度控制. bit 0,Input buffer Schmitt trigger level bit 0,,
,,,,IOBLK_G7_REG_SPK_EN_SL,11,0x0,输出电平转换速率限制. 0=无效(较快) ; 1=有效(较慢),Output Buffer Slew Rate Limit 0=disable; 1=enable,,
M5,UART0_TX,IOBLK_G7_REG_UART0_TX,0x0300_190C,IOBLK_G7_REG_UART0_TX_PU,2,0x1,上拉电阻使能. 0=无效; 1=有效,Pull up enable 0=disable; 1=enable,,
,,,,IOBLK_G7_REG_UART0_TX_PD,3,0x0,下拉电阻使能. 0=无效; 1=有效,Pull down enable 0=disable; 1=enable,,
,,,,IOBLK_G7_REG_UART0_TX_DS0,5,0x0,输出驱动能力档位 bit 0,Output buffer Driving Strength bit 0 ,,
,,,,IOBLK_G7_REG_UART0_TX_DS1,6,0x1,输出驱动能力档位 bit 1,Output buffer Driving Strength bit 1 ,,
,,,,IOBLK_G7_REG_UART0_TX_DS2,7,0x0,输出驱动能力档位 bit 2,Output buffer Driving Strength bit 2 ,,
,,,,IOBLK_G7_REG_UART0_TX_ST0,8,0x0,输入施密特触发器强度控制. bit 0,Input buffer Schmitt trigger level bit 0,,
,,,,IOBLK_G7_REG_UART0_TX_SL,11,0x0,输出电平转换速率限制. 0=无效(较快) ; 1=有效(较慢),Output Buffer Slew Rate Limit 0=disable; 1=enable,,
M4,UART0_RX,IOBLK_G7_REG_UART0_RX,0x0300_1910,IOBLK_G7_REG_UART0_RX_PU,2,0x1,上拉电阻使能. 0=无效; 1=有效,Pull up enable 0=disable; 1=enable,,
,,,,IOBLK_G7_REG_UART0_RX_PD,3,0x0,下拉电阻使能. 0=无效; 1=有效,Pull down enable 0=disable; 1=enable,,
,,,,IOBLK_G7_REG_UART0_RX_DS0,5,0x0,输出驱动能力档位 bit 0,Output buffer Driving Strength bit 0 ,,
,,,,IOBLK_G7_REG_UART0_RX_DS1,6,0x1,输出驱动能力档位 bit 1,Output buffer Driving Strength bit 1 ,,
,,,,IOBLK_G7_REG_UART0_RX_DS2,7,0x0,输出驱动能力档位 bit 2,Output buffer Driving Strength bit 2 ,,
,,,,IOBLK_G7_REG_UART0_RX_ST0,8,0x0,输入施密特触发器强度控制. bit 0,Input buffer Schmitt trigger level bit 0,,
,,,,IOBLK_G7_REG_UART0_RX_SL,11,0x0,输出电平转换速率限制. 0=无效(较快) ; 1=有效(较慢),Output Buffer Slew Rate Limit 0=disable; 1=enable,,
P4,EMMC_RSTN,IOBLK_G7_REG_EMMC_RSTN,0x0300_1914,IOBLK_G7_REG_EMMC_RSTN_PU,2,0x0,上拉电阻使能. 0=无效; 1=有效,Pull up enable 0=disable; 1=enable,,
,,,,IOBLK_G7_REG_EMMC_RSTN_PD,3,0x1,下拉电阻使能. 0=无效; 1=有效,Pull down enable 0=disable; 1=enable,,
,,,,IOBLK_G7_REG_EMMC_RSTN_DS0,5,0x0,输出驱动能力档位 bit 0,Output buffer Driving Strength bit 0 ,,
,,,,IOBLK_G7_REG_EMMC_RSTN_DS1,6,0x1,输出驱动能力档位 bit 1,Output buffer Driving Strength bit 1 ,,
,,,,IOBLK_G7_REG_EMMC_RSTN_DS2,7,0x0,输出驱动能力档位 bit 2,Output buffer Driving Strength bit 2 ,,
,,,,IOBLK_G7_REG_EMMC_RSTN_ST0,8,0x0,输入施密特触发器强度控制. bit 0,Input buffer Schmitt trigger level bit 0,,
,,,,IOBLK_G7_REG_EMMC_RSTN_SL,11,0x0,输出电平转换速率限制. 0=无效(较快) ; 1=有效(较慢),Output Buffer Slew Rate Limit 0=disable; 1=enable,,
P3,EMMC_DAT2,IOBLK_G7_REG_EMMC_DAT2,0x0300_1918,IOBLK_G7_REG_EMMC_DAT2_PU,2,0x0,上拉电阻使能. 0=无效; 1=有效,Pull up enable 0=disable; 1=enable,,
,,,,IOBLK_G7_REG_EMMC_DAT2_PD,3,0x1,下拉电阻使能. 0=无效; 1=有效,Pull down enable 0=disable; 1=enable,,
,,,,IOBLK_G7_REG_EMMC_DAT2_DS0,5,0x0,输出驱动能力档位 bit 0,Output buffer Driving Strength bit 0 ,,
,,,,IOBLK_G7_REG_EMMC_DAT2_DS1,6,0x1,输出驱动能力档位 bit 1,Output buffer Driving Strength bit 1 ,,
,,,,IOBLK_G7_REG_EMMC_DAT2_DS2,7,0x0,输出驱动能力档位 bit 2,Output buffer Driving Strength bit 2 ,,
,,,,IOBLK_G7_REG_EMMC_DAT2_ST0,8,0x0,输入施密特触发器强度控制. bit 0,Input buffer Schmitt trigger level bit 0,,
,,,,IOBLK_G7_REG_EMMC_DAT2_SL,11,0x0,输出电平转换速率限制. 0=无效(较快) ; 1=有效(较慢),Output Buffer Slew Rate Limit 0=disable; 1=enable,,
R4,EMMC_CLK,IOBLK_G7_REG_EMMC_CLK,0x0300_191C,IOBLK_G7_REG_EMMC_CLK_PU,2,0x0,上拉电阻使能. 0=无效; 1=有效,Pull up enable 0=disable; 1=enable,,
,,,,IOBLK_G7_REG_EMMC_CLK_PD,3,0x1,下拉电阻使能. 0=无效; 1=有效,Pull down enable 0=disable; 1=enable,,
,,,,IOBLK_G7_REG_EMMC_CLK_DS0,5,0x0,输出驱动能力档位 bit 0,Output buffer Driving Strength bit 0 ,,
,,,,IOBLK_G7_REG_EMMC_CLK_DS1,6,0x1,输出驱动能力档位 bit 1,Output buffer Driving Strength bit 1 ,,
,,,,IOBLK_G7_REG_EMMC_CLK_DS2,7,0x0,输出驱动能力档位 bit 2,Output buffer Driving Strength bit 2 ,,
,,,,IOBLK_G7_REG_EMMC_CLK_ST0,8,0x0,输入施密特触发器强度控制. bit 0,Input buffer Schmitt trigger level bit 0,,
,,,,IOBLK_G7_REG_EMMC_CLK_SL,11,0x0,输出电平转换速率限制. 0=无效(较快) ; 1=有效(较慢),Output Buffer Slew Rate Limit 0=disable; 1=enable,,
P2,EMMC_DAT0,IOBLK_G7_REG_EMMC_DAT0,0x0300_1920,IOBLK_G7_REG_EMMC_DAT0_PU,2,0x1,上拉电阻使能. 0=无效; 1=有效,Pull up enable 0=disable; 1=enable,,
,,,,IOBLK_G7_REG_EMMC_DAT0_PD,3,0x0,下拉电阻使能. 0=无效; 1=有效,Pull down enable 0=disable; 1=enable,,
,,,,IOBLK_G7_REG_EMMC_DAT0_DS0,5,0x0,输出驱动能力档位 bit 0,Output buffer Driving Strength bit 0 ,,
,,,,IOBLK_G7_REG_EMMC_DAT0_DS1,6,0x1,输出驱动能力档位 bit 1,Output buffer Driving Strength bit 1 ,,
,,,,IOBLK_G7_REG_EMMC_DAT0_DS2,7,0x0,输出驱动能力档位 bit 2,Output buffer Driving Strength bit 2 ,,
,,,,IOBLK_G7_REG_EMMC_DAT0_ST0,8,0x0,输入施密特触发器强度控制. bit 0,Input buffer Schmitt trigger level bit 0,,
,,,,IOBLK_G7_REG_EMMC_DAT0_SL,11,0x0,输出电平转换速率限制. 0=无效(较快) ; 1=有效(较慢),Output Buffer Slew Rate Limit 0=disable; 1=enable,,
P1,EMMC_DAT3,IOBLK_G7_REG_EMMC_DAT3,0x0300_1924,IOBLK_G7_REG_EMMC_DAT3_PU,2,0x1,上拉电阻使能. 0=无效; 1=有效,Pull up enable 0=disable; 1=enable,,
,,,,IOBLK_G7_REG_EMMC_DAT3_PD,3,0x0,下拉电阻使能. 0=无效; 1=有效,Pull down enable 0=disable; 1=enable,,
,,,,IOBLK_G7_REG_EMMC_DAT3_DS0,5,0x0,输出驱动能力档位 bit 0,Output buffer Driving Strength bit 0 ,,
,,,,IOBLK_G7_REG_EMMC_DAT3_DS1,6,0x1,输出驱动能力档位 bit 1,Output buffer Driving Strength bit 1 ,,
,,,,IOBLK_G7_REG_EMMC_DAT3_DS2,7,0x0,输出驱动能力档位 bit 2,Output buffer Driving Strength bit 2 ,,
,,,,IOBLK_G7_REG_EMMC_DAT3_ST0,8,0x0,输入施密特触发器强度控制. bit 0,Input buffer Schmitt trigger level bit 0,,
,,,,IOBLK_G7_REG_EMMC_DAT3_SL,11,0x0,输出电平转换速率限制. 0=无效(较快) ; 1=有效(较慢),Output Buffer Slew Rate Limit 0=disable; 1=enable,,
R3,EMMC_CMD,IOBLK_G7_REG_EMMC_CMD,0x0300_1928,IOBLK_G7_REG_EMMC_CMD_PU,2,0x1,上拉电阻使能. 0=无效; 1=有效,Pull up enable 0=disable; 1=enable,,
,,,,IOBLK_G7_REG_EMMC_CMD_PD,3,0x0,下拉电阻使能. 0=无效; 1=有效,Pull down enable 0=disable; 1=enable,,
,,,,IOBLK_G7_REG_EMMC_CMD_DS0,5,0x0,输出驱动能力档位 bit 0,Output buffer Driving Strength bit 0 ,,
,,,,IOBLK_G7_REG_EMMC_CMD_DS1,6,0x1,输出驱动能力档位 bit 1,Output buffer Driving Strength bit 1 ,,
,,,,IOBLK_G7_REG_EMMC_CMD_DS2,7,0x0,输出驱动能力档位 bit 2,Output buffer Driving Strength bit 2 ,,
,,,,IOBLK_G7_REG_EMMC_CMD_ST0,8,0x0,输入施密特触发器强度控制. bit 0,Input buffer Schmitt trigger level bit 0,,
,,,,IOBLK_G7_REG_EMMC_CMD_SL,11,0x0,输出电平转换速率限制. 0=无效(较快) ; 1=有效(较慢),Output Buffer Slew Rate Limit 0=disable; 1=enable,,
R2,EMMC_DAT1,IOBLK_G7_REG_EMMC_DAT1,0x0300_192C,IOBLK_G7_REG_EMMC_DAT1_PU,2,0x0,上拉电阻使能. 0=无效; 1=有效,Pull up enable 0=disable; 1=enable,,
,,,,IOBLK_G7_REG_EMMC_DAT1_PD,3,0x1,下拉电阻使能. 0=无效; 1=有效,Pull down enable 0=disable; 1=enable,,
,,,,IOBLK_G7_REG_EMMC_DAT1_DS0,5,0x0,输出驱动能力档位 bit 0,Output buffer Driving Strength bit 0 ,,
,,,,IOBLK_G7_REG_EMMC_DAT1_DS1,6,0x1,输出驱动能力档位 bit 1,Output buffer Driving Strength bit 1 ,,
,,,,IOBLK_G7_REG_EMMC_DAT1_DS2,7,0x0,输出驱动能力档位 bit 2,Output buffer Driving Strength bit 2 ,,
,,,,IOBLK_G7_REG_EMMC_DAT1_ST0,8,0x0,输入施密特触发器强度控制. bit 0,Input buffer Schmitt trigger level bit 0,,
,,,,IOBLK_G7_REG_EMMC_DAT1_SL,11,0x0,输出电平转换速率限制. 0=无效(较快) ; 1=有效(较慢),Output Buffer Slew Rate Limit 0=disable; 1=enable,,
N6,JTAG_CPU_TMS,IOBLK_G7_REG_JTAG_CPU_TMS,0x0300_1930,IOBLK_G7_REG_JTAG_CPU_TMS_PU,2,0x0,上拉电阻使能. 0=无效; 1=有效,Pull up enable 0=disable; 1=enable,,
,,,,IOBLK_G7_REG_JTAG_CPU_TMS_PD,3,0x1,下拉电阻使能. 0=无效; 1=有效,Pull down enable 0=disable; 1=enable,,
,,,,IOBLK_G7_REG_JTAG_CPU_TMS_DS0,5,0x0,输出驱动能力档位 bit 0,Output buffer Driving Strength bit 0 ,,
,,,,IOBLK_G7_REG_JTAG_CPU_TMS_DS1,6,0x1,输出驱动能力档位 bit 1,Output buffer Driving Strength bit 1 ,,
,,,,IOBLK_G7_REG_JTAG_CPU_TMS_DS2,7,0x0,输出驱动能力档位 bit 2,Output buffer Driving Strength bit 2 ,,
,,,,IOBLK_G7_REG_JTAG_CPU_TMS_ST0,8,0x0,输入施密特触发器强度控制. bit 0,Input buffer Schmitt trigger level bit 0,,
,,,,IOBLK_G7_REG_JTAG_CPU_TMS_SL,11,0x0,输出电平转换速率限制. 0=无效(较快) ; 1=有效(较慢),Output Buffer Slew Rate Limit 0=disable; 1=enable,,
N4,JTAG_CPU_TCK,IOBLK_G7_REG_JTAG_CPU_TCK,0x0300_1934,IOBLK_G7_REG_JTAG_CPU_TCK_PU,2,0x0,上拉电阻使能. 0=无效; 1=有效,Pull up enable 0=disable; 1=enable,,
,,,,IOBLK_G7_REG_JTAG_CPU_TCK_PD,3,0x1,下拉电阻使能. 0=无效; 1=有效,Pull down enable 0=disable; 1=enable,,
,,,,IOBLK_G7_REG_JTAG_CPU_TCK_DS0,5,0x0,输出驱动能力档位 bit 0,Output buffer Driving Strength bit 0 ,,
,,,,IOBLK_G7_REG_JTAG_CPU_TCK_DS1,6,0x1,输出驱动能力档位 bit 1,Output buffer Driving Strength bit 1 ,,
,,,,IOBLK_G7_REG_JTAG_CPU_TCK_DS2,7,0x0,输出驱动能力档位 bit 2,Output buffer Driving Strength bit 2 ,,
,,,,IOBLK_G7_REG_JTAG_CPU_TCK_ST0,8,0x0,输入施密特触发器强度控制. bit 0,Input buffer Schmitt trigger level bit 0,,
,,,,IOBLK_G7_REG_JTAG_CPU_TCK_SL,11,0x0,输出电平转换速率限制. 0=无效(较快) ; 1=有效(较慢),Output Buffer Slew Rate Limit 0=disable; 1=enable,,
M6,JTAG_CPU_TRST,IOBLK_G7_REG_JTAG_CPU_TRST,0x0300_1938,IOBLK_G7_REG_JTAG_CPU_TRST_PU,2,0x1,上拉电阻使能. 0=无效; 1=有效,Pull up enable 0=disable; 1=enable,,
,,,,IOBLK_G7_REG_JTAG_CPU_TRST_PD,3,0x0,下拉电阻使能. 0=无效; 1=有效,Pull down enable 0=disable; 1=enable,,
,,,,IOBLK_G7_REG_JTAG_CPU_TRST_DS0,5,0x0,输出驱动能力档位 bit 0,Output buffer Driving Strength bit 0 ,,
,,,,IOBLK_G7_REG_JTAG_CPU_TRST_DS1,6,0x1,输出驱动能力档位 bit 1,Output buffer Driving Strength bit 1 ,,
,,,,IOBLK_G7_REG_JTAG_CPU_TRST_DS2,7,0x0,输出驱动能力档位 bit 2,Output buffer Driving Strength bit 2 ,,
,,,,IOBLK_G7_REG_JTAG_CPU_TRST_ST0,8,0x0,输入施密特触发器强度控制. bit 0,Input buffer Schmitt trigger level bit 0,,
,,,,IOBLK_G7_REG_JTAG_CPU_TRST_SL,11,0x0,输出电平转换速率限制. 0=无效(较快) ; 1=有效(较慢),Output Buffer Slew Rate Limit 0=disable; 1=enable,,
R6,IIC0_SCL,IOBLK_G7_REG_IIC0_SCL,0x0300_193C,IOBLK_G7_REG_IIC0_SCL_PU,2,0x1,上拉电阻使能. 0=无效; 1=有效,Pull up enable 0=disable; 1=enable,,
,,,,IOBLK_G7_REG_IIC0_SCL_PD,3,0x0,下拉电阻使能. 0=无效; 1=有效,Pull down enable 0=disable; 1=enable,,
,,,,IOBLK_G7_REG_IIC0_SCL_DS0,5,0x0,输出驱动能力档位 bit 0,Output buffer Driving Strength bit 0 ,,
,,,,IOBLK_G7_REG_IIC0_SCL_DS1,6,0x1,输出驱动能力档位 bit 1,Output buffer Driving Strength bit 1 ,,
,,,,IOBLK_G7_REG_IIC0_SCL_DS2,7,0x0,输出驱动能力档位 bit 2,Output buffer Driving Strength bit 2 ,,
,,,,IOBLK_G7_REG_IIC0_SCL_ST0,8,0x0,输入施密特触发器强度控制. bit 0,Input buffer Schmitt trigger level bit 0,,
,,,,IOBLK_G7_REG_IIC0_SCL_SL,11,0x0,输出电平转换速率限制. 0=无效(较快) ; 1=有效(较慢),Output Buffer Slew Rate Limit 0=disable; 1=enable,,
P6,IIC0_SDA,IOBLK_G7_REG_IIC0_SDA,0x0300_1940,IOBLK_G7_REG_IIC0_SDA_PU,2,0x1,上拉电阻使能. 0=无效; 1=有效,Pull up enable 0=disable; 1=enable,,
,,,,IOBLK_G7_REG_IIC0_SDA_PD,3,0x0,下拉电阻使能. 0=无效; 1=有效,Pull down enable 0=disable; 1=enable,,
,,,,IOBLK_G7_REG_IIC0_SDA_DS0,5,0x0,输出驱动能力档位 bit 0,Output buffer Driving Strength bit 0 ,,
,,,,IOBLK_G7_REG_IIC0_SDA_DS1,6,0x1,输出驱动能力档位 bit 1,Output buffer Driving Strength bit 1 ,,
,,,,IOBLK_G7_REG_IIC0_SDA_DS2,7,0x0,输出驱动能力档位 bit 2,Output buffer Driving Strength bit 2 ,,
,,,,IOBLK_G7_REG_IIC0_SDA_ST0,8,0x0,输入施密特触发器强度控制. bit 0,Input buffer Schmitt trigger level bit 0,,
,,,,IOBLK_G7_REG_IIC0_SDA_SL,11,0x0,输出电平转换速率限制. 0=无效(较快) ; 1=有效(较慢),Output Buffer Slew Rate Limit 0=disable; 1=enable,,
P5,AUX0,IOBLK_G7_REG_AUX0,0x0300_1944,IOBLK_G7_REG_AUX0_PU,2,0x0,上拉电阻使能. 0=无效; 1=有效,Pull up enable 0=disable; 1=enable,,
,,,,IOBLK_G7_REG_AUX0_PD,3,0x1,下拉电阻使能. 0=无效; 1=有效,Pull down enable 0=disable; 1=enable,,
,,,,IOBLK_G7_REG_AUX0_DS0,5,0x0,输出驱动能力档位 bit 0,Output buffer Driving Strength bit 0 ,,
,,,,IOBLK_G7_REG_AUX0_DS1,6,0x1,输出驱动能力档位 bit 1,Output buffer Driving Strength bit 1 ,,
,,,,IOBLK_G7_REG_AUX0_DS2,7,0x0,输出驱动能力档位 bit 2,Output buffer Driving Strength bit 2 ,,
,,,,IOBLK_G7_REG_AUX0_ST0,8,0x0,输入施密特触发器强度控制. bit 0,Input buffer Schmitt trigger level bit 0,,
,,,,IOBLK_G7_REG_AUX0_SL,11,0x0,输出电平转换速率限制. 0=无效(较快) ; 1=有效(较慢),Output Buffer Slew Rate Limit 0=disable; 1=enable,,
L1,SD0_CLK,IOBLK_G10_REG_SD0_CLK,0x0300_1A00,IOBLK_G10_REG_SD0_CLK_PU,2,0x0,上拉电阻使能. 0=无效; 1=有效,Pull up enable 0=disable; 1=enable,,
,,,,IOBLK_G10_REG_SD0_CLK_PD,3,0x1,下拉电阻使能. 0=无效; 1=有效,Pull down enable 0=disable; 1=enable,,
,,,,IOBLK_G10_REG_SD0_CLK_DS0,5,0x0,输出驱动能力档位 bit 0,Output buffer Driving Strength bit 0 ,,
,,,,IOBLK_G10_REG_SD0_CLK_DS1,6,0x1,输出驱动能力档位 bit 1,Output buffer Driving Strength bit 1 ,,
,,,,IOBLK_G10_REG_SD0_CLK_DS2,7,0x0,输出驱动能力档位 bit 2,Output buffer Driving Strength bit 2 ,,
,,,,IOBLK_G10_REG_SD0_CLK_ST0,8,0x0,输入施密特触发器强度控制. bit 0,Input buffer Schmitt trigger level bit 0,,
,,,,IOBLK_G10_REG_SD0_CLK_SL,11,0x0,输出电平转换速率限制. 0=无效(较快) ; 1=有效(较慢),Output Buffer Slew Rate Limit 0=disable; 1=enable,,
L3,SD0_CMD,IOBLK_G10_REG_SD0_CMD,0x0300_1A04,IOBLK_G10_REG_SD0_CMD_PU,2,0x0,上拉电阻使能. 0=无效; 1=有效,Pull up enable 0=disable; 1=enable,,
,,,,IOBLK_G10_REG_SD0_CMD_PD,3,0x1,下拉电阻使能. 0=无效; 1=有效,Pull down enable 0=disable; 1=enable,,
,,,,IOBLK_G10_REG_SD0_CMD_DS0,5,0x0,输出驱动能力档位 bit 0,Output buffer Driving Strength bit 0 ,,
,,,,IOBLK_G10_REG_SD0_CMD_DS1,6,0x1,输出驱动能力档位 bit 1,Output buffer Driving Strength bit 1 ,,
,,,,IOBLK_G10_REG_SD0_CMD_DS2,7,0x0,输出驱动能力档位 bit 2,Output buffer Driving Strength bit 2 ,,
,,,,IOBLK_G10_REG_SD0_CMD_ST0,8,0x0,输入施密特触发器强度控制. bit 0,Input buffer Schmitt trigger level bit 0,,
,,,,IOBLK_G10_REG_SD0_CMD_SL,11,0x0,输出电平转换速率限制. 0=无效(较快) ; 1=有效(较慢),Output Buffer Slew Rate Limit 0=disable; 1=enable,,
L2,SD0_D0,IOBLK_G10_REG_SD0_D0,0x0300_1A08,IOBLK_G10_REG_SD0_D0_PU,2,0x0,上拉电阻使能. 0=无效; 1=有效,Pull up enable 0=disable; 1=enable,,
,,,,IOBLK_G10_REG_SD0_D0_PD,3,0x1,下拉电阻使能. 0=无效; 1=有效,Pull down enable 0=disable; 1=enable,,
,,,,IOBLK_G10_REG_SD0_D0_DS0,5,0x0,输出驱动能力档位 bit 0,Output buffer Driving Strength bit 0 ,,
,,,,IOBLK_G10_REG_SD0_D0_DS1,6,0x1,输出驱动能力档位 bit 1,Output buffer Driving Strength bit 1 ,,
,,,,IOBLK_G10_REG_SD0_D0_DS2,7,0x0,输出驱动能力档位 bit 2,Output buffer Driving Strength bit 2 ,,
,,,,IOBLK_G10_REG_SD0_D0_ST0,8,0x0,输入施密特触发器强度控制. bit 0,Input buffer Schmitt trigger level bit 0,,
,,,,IOBLK_G10_REG_SD0_D0_SL,11,0x0,输出电平转换速率限制. 0=无效(较快) ; 1=有效(较慢),Output Buffer Slew Rate Limit 0=disable; 1=enable,,
K3,SD0_D1,IOBLK_G10_REG_SD0_D1,0x0300_1A0C,IOBLK_G10_REG_SD0_D1_PU,2,0x0,上拉电阻使能. 0=无效; 1=有效,Pull up enable 0=disable; 1=enable,,
,,,,IOBLK_G10_REG_SD0_D1_PD,3,0x1,下拉电阻使能. 0=无效; 1=有效,Pull down enable 0=disable; 1=enable,,
,,,,IOBLK_G10_REG_SD0_D1_DS0,5,0x0,输出驱动能力档位 bit 0,Output buffer Driving Strength bit 0 ,,
,,,,IOBLK_G10_REG_SD0_D1_DS1,6,0x1,输出驱动能力档位 bit 1,Output buffer Driving Strength bit 1 ,,
,,,,IOBLK_G10_REG_SD0_D1_DS2,7,0x0,输出驱动能力档位 bit 2,Output buffer Driving Strength bit 2 ,,
,,,,IOBLK_G10_REG_SD0_D1_ST0,8,0x0,输入施密特触发器强度控制. bit 0,Input buffer Schmitt trigger level bit 0,,
,,,,IOBLK_G10_REG_SD0_D1_SL,11,0x0,输出电平转换速率限制. 0=无效(较快) ; 1=有效(较慢),Output Buffer Slew Rate Limit 0=disable; 1=enable,,
M2,SD0_D2,IOBLK_G10_REG_SD0_D2,0x0300_1A10,IOBLK_G10_REG_SD0_D2_PU,2,0x0,上拉电阻使能. 0=无效; 1=有效,Pull up enable 0=disable; 1=enable,,
,,,,IOBLK_G10_REG_SD0_D2_PD,3,0x1,下拉电阻使能. 0=无效; 1=有效,Pull down enable 0=disable; 1=enable,,
,,,,IOBLK_G10_REG_SD0_D2_DS0,5,0x0,输出驱动能力档位 bit 0,Output buffer Driving Strength bit 0 ,,
,,,,IOBLK_G10_REG_SD0_D2_DS1,6,0x1,输出驱动能力档位 bit 1,Output buffer Driving Strength bit 1 ,,
,,,,IOBLK_G10_REG_SD0_D2_DS2,7,0x0,输出驱动能力档位 bit 2,Output buffer Driving Strength bit 2 ,,
,,,,IOBLK_G10_REG_SD0_D2_ST0,8,0x0,输入施密特触发器强度控制. bit 0,Input buffer Schmitt trigger level bit 0,,
,,,,IOBLK_G10_REG_SD0_D2_SL,11,0x0,输出电平转换速率限制. 0=无效(较快) ; 1=有效(较慢),Output Buffer Slew Rate Limit 0=disable; 1=enable,,
M1,SD0_D3,IOBLK_G10_REG_SD0_D3,0x0300_1A14,IOBLK_G10_REG_SD0_D3_PU,2,0x0,上拉电阻使能. 0=无效; 1=有效,Pull up enable 0=disable; 1=enable,,
,,,,IOBLK_G10_REG_SD0_D3_PD,3,0x1,下拉电阻使能. 0=无效; 1=有效,Pull down enable 0=disable; 1=enable,,
,,,,IOBLK_G10_REG_SD0_D3_DS0,5,0x0,输出驱动能力档位 bit 0,Output buffer Driving Strength bit 0 ,,
,,,,IOBLK_G10_REG_SD0_D3_DS1,6,0x1,输出驱动能力档位 bit 1,Output buffer Driving Strength bit 1 ,,
,,,,IOBLK_G10_REG_SD0_D3_DS2,7,0x0,输出驱动能力档位 bit 2,Output buffer Driving Strength bit 2 ,,
,,,,IOBLK_G10_REG_SD0_D3_ST0,8,0x0,输入施密特触发器强度控制. bit 0,Input buffer Schmitt trigger level bit 0,,
,,,,IOBLK_G10_REG_SD0_D3_SL,11,0x0,输出电平转换速率限制. 0=无效(较快) ; 1=有效(较慢),Output Buffer Slew Rate Limit 0=disable; 1=enable,,
C4,CAM_MCLK0,IOBLK_G11_REG_CAM_MCLK0,0x0300_1B00,IOBLK_G11_REG_CAM_MCLK0_PU,2,0x0,上拉电阻使能. 0=无效; 1=有效,Pull up enable 0=disable; 1=enable,,
,,,,IOBLK_G11_REG_CAM_MCLK0_PD,3,0x1,下拉电阻使能. 0=无效; 1=有效,Pull down enable 0=disable; 1=enable,,
,,,,IOBLK_G11_REG_CAM_MCLK0_DS0,5,0x0,输出驱动能力档位 bit 0,Output buffer Driving Strength bit 0 ,,
,,,,IOBLK_G11_REG_CAM_MCLK0_DS1,6,0x1,输出驱动能力档位 bit 1,Output buffer Driving Strength bit 1 ,,
,,,,IOBLK_G11_REG_CAM_MCLK0_ST0,8,0x0,输入施密特触发器强度控制. bit 0,Input buffer Schmitt trigger level bit 0,,
,,,,IOBLK_G11_REG_CAM_MCLK0_ST1,9,0x0,输入施密特触发器强度控制. bit 1,Input buffer Schmitt trigger level bit 1,,
,,,,IOBLK_G11_REG_CAM_MCLK0_HE,10,0x0,弱电平维持器(Bus holder) 使能 . 0=无效 ; 1=有效,Bus holder enable 0=disable; 1=enable,,
,,,,IOBLK_G11_REG_CAM_MCLK0_SL,11,0x0,输出电平转换速率限制. 0=无效(较快) ; 1=有效(较慢),Output Buffer Slew Rate Limit 0=disable; 1=enable,,
C3,CAM_PD0,IOBLK_G11_REG_CAM_PD0,0x0300_1B04,IOBLK_G11_REG_CAM_PD0_PU,2,0x0,上拉电阻使能. 0=无效; 1=有效,Pull up enable 0=disable; 1=enable,,
,,,,IOBLK_G11_REG_CAM_PD0_PD,3,0x1,下拉电阻使能. 0=无效; 1=有效,Pull down enable 0=disable; 1=enable,,
,,,,IOBLK_G11_REG_CAM_PD0_DS0,5,0x0,输出驱动能力档位 bit 0,Output buffer Driving Strength bit 0 ,,
,,,,IOBLK_G11_REG_CAM_PD0_DS1,6,0x1,输出驱动能力档位 bit 1,Output buffer Driving Strength bit 1 ,,
,,,,IOBLK_G11_REG_CAM_PD0_ST0,8,0x0,输入施密特触发器强度控制. bit 0,Input buffer Schmitt trigger level bit 0,,
,,,,IOBLK_G11_REG_CAM_PD0_ST1,9,0x0,输入施密特触发器强度控制. bit 1,Input buffer Schmitt trigger level bit 1,,
,,,,IOBLK_G11_REG_CAM_PD0_HE,10,0x0,弱电平维持器(Bus holder) 使能 . 0=无效 ; 1=有效,Bus holder enable 0=disable; 1=enable,,
,,,,IOBLK_G11_REG_CAM_PD0_SL,11,0x0,输出电平转换速率限制. 0=无效(较快) ; 1=有效(较慢),Output Buffer Slew Rate Limit 0=disable; 1=enable,,
E5,CAM_RST0,IOBLK_G11_REG_CAM_RST0,0x0300_1B08,IOBLK_G11_REG_CAM_RST0_PU,2,0x0,上拉电阻使能. 0=无效; 1=有效,Pull up enable 0=disable; 1=enable,,
,,,,IOBLK_G11_REG_CAM_RST0_PD,3,0x1,下拉电阻使能. 0=无效; 1=有效,Pull down enable 0=disable; 1=enable,,
,,,,IOBLK_G11_REG_CAM_RST0_DS0,5,0x0,输出驱动能力档位 bit 0,Output buffer Driving Strength bit 0 ,,
,,,,IOBLK_G11_REG_CAM_RST0_DS1,6,0x1,输出驱动能力档位 bit 1,Output buffer Driving Strength bit 1 ,,
,,,,IOBLK_G11_REG_CAM_RST0_ST0,8,0x0,输入施密特触发器强度控制. bit 0,Input buffer Schmitt trigger level bit 0,,
,,,,IOBLK_G11_REG_CAM_RST0_ST1,9,0x0,输入施密特触发器强度控制. bit 1,Input buffer Schmitt trigger level bit 1,,
,,,,IOBLK_G11_REG_CAM_RST0_HE,10,0x0,弱电平维持器(Bus holder) 使能 . 0=无效 ; 1=有效,Bus holder enable 0=disable; 1=enable,,
,,,,IOBLK_G11_REG_CAM_RST0_SL,11,0x0,输出电平转换速率限制. 0=无效(较快) ; 1=有效(较慢),Output Buffer Slew Rate Limit 0=disable; 1=enable,,
D3,CAM_MCLK1,IOBLK_G11_REG_CAM_MCLK1,0x0300_1B0C,IOBLK_G11_REG_CAM_MCLK1_PU,2,0x0,上拉电阻使能. 0=无效; 1=有效,Pull up enable 0=disable; 1=enable,,
,,,,IOBLK_G11_REG_CAM_MCLK1_PD,3,0x1,下拉电阻使能. 0=无效; 1=有效,Pull down enable 0=disable; 1=enable,,
,,,,IOBLK_G11_REG_CAM_MCLK1_DS0,5,0x0,输出驱动能力档位 bit 0,Output buffer Driving Strength bit 0 ,,
,,,,IOBLK_G11_REG_CAM_MCLK1_DS1,6,0x1,输出驱动能力档位 bit 1,Output buffer Driving Strength bit 1 ,,
,,,,IOBLK_G11_REG_CAM_MCLK1_ST0,8,0x0,输入施密特触发器强度控制. bit 0,Input buffer Schmitt trigger level bit 0,,
,,,,IOBLK_G11_REG_CAM_MCLK1_ST1,9,0x0,输入施密特触发器强度控制. bit 1,Input buffer Schmitt trigger level bit 1,,
,,,,IOBLK_G11_REG_CAM_MCLK1_HE,10,0x0,弱电平维持器(Bus holder) 使能 . 0=无效 ; 1=有效,Bus holder enable 0=disable; 1=enable,,
,,,,IOBLK_G11_REG_CAM_MCLK1_SL,11,0x0,输出电平转换速率限制. 0=无效(较快) ; 1=有效(较慢),Output Buffer Slew Rate Limit 0=disable; 1=enable,,
E4,CAM_PD1,IOBLK_G11_REG_CAM_PD1,0x0300_1B10,IOBLK_G11_REG_CAM_PD1_PU,2,0x0,上拉电阻使能. 0=无效; 1=有效,Pull up enable 0=disable; 1=enable,,
,,,,IOBLK_G11_REG_CAM_PD1_PD,3,0x1,下拉电阻使能. 0=无效; 1=有效,Pull down enable 0=disable; 1=enable,,
,,,,IOBLK_G11_REG_CAM_PD1_DS0,5,0x0,输出驱动能力档位 bit 0,Output buffer Driving Strength bit 0 ,,
,,,,IOBLK_G11_REG_CAM_PD1_DS1,6,0x1,输出驱动能力档位 bit 1,Output buffer Driving Strength bit 1 ,,
,,,,IOBLK_G11_REG_CAM_PD1_ST0,8,0x0,输入施密特触发器强度控制. bit 0,Input buffer Schmitt trigger level bit 0,,
,,,,IOBLK_G11_REG_CAM_PD1_ST1,9,0x0,输入施密特触发器强度控制. bit 1,Input buffer Schmitt trigger level bit 1,,
,,,,IOBLK_G11_REG_CAM_PD1_HE,10,0x0,弱电平维持器(Bus holder) 使能 . 0=无效 ; 1=有效,Bus holder enable 0=disable; 1=enable,,
,,,,IOBLK_G11_REG_CAM_PD1_SL,11,0x0,输出电平转换速率限制. 0=无效(较快) ; 1=有效(较慢),Output Buffer Slew Rate Limit 0=disable; 1=enable,,
D4,IIC3_SCL,IOBLK_G11_REG_IIC3_SCL,0x0300_1B14,IOBLK_G11_REG_IIC3_SCL_PU,2,0x0,上拉电阻使能. 0=无效; 1=有效,Pull up enable 0=disable; 1=enable,,
,,,,IOBLK_G11_REG_IIC3_SCL_PD,3,0x1,下拉电阻使能. 0=无效; 1=有效,Pull down enable 0=disable; 1=enable,,
,,,,IOBLK_G11_REG_IIC3_SCL_DS0,5,0x0,输出驱动能力档位 bit 0,Output buffer Driving Strength bit 0 ,,
,,,,IOBLK_G11_REG_IIC3_SCL_DS1,6,0x1,输出驱动能力档位 bit 1,Output buffer Driving Strength bit 1 ,,
,,,,IOBLK_G11_REG_IIC3_SCL_ST0,8,0x0,输入施密特触发器强度控制. bit 0,Input buffer Schmitt trigger level bit 0,,
,,,,IOBLK_G11_REG_IIC3_SCL_ST1,9,0x0,输入施密特触发器强度控制. bit 1,Input buffer Schmitt trigger level bit 1,,
,,,,IOBLK_G11_REG_IIC3_SCL_HE,10,0x0,弱电平维持器(Bus holder) 使能 . 0=无效 ; 1=有效,Bus holder enable 0=disable; 1=enable,,
,,,,IOBLK_G11_REG_IIC3_SCL_SL,11,0x0,输出电平转换速率限制. 0=无效(较快) ; 1=有效(较慢),Output Buffer Slew Rate Limit 0=disable; 1=enable,,
F4,IIC3_SDA,IOBLK_G11_REG_IIC3_SDA,0x0300_1B18,IOBLK_G11_REG_IIC3_SDA_PU,2,0x0,上拉电阻使能. 0=无效; 1=有效,Pull up enable 0=disable; 1=enable,,
,,,,IOBLK_G11_REG_IIC3_SDA_PD,3,0x1,下拉电阻使能. 0=无效; 1=有效,Pull down enable 0=disable; 1=enable,,
,,,,IOBLK_G11_REG_IIC3_SDA_DS0,5,0x0,输出驱动能力档位 bit 0,Output buffer Driving Strength bit 0 ,,
,,,,IOBLK_G11_REG_IIC3_SDA_DS1,6,0x1,输出驱动能力档位 bit 1,Output buffer Driving Strength bit 1 ,,
,,,,IOBLK_G11_REG_IIC3_SDA_ST0,8,0x0,输入施密特触发器强度控制. bit 0,Input buffer Schmitt trigger level bit 0,,
,,,,IOBLK_G11_REG_IIC3_SDA_ST1,9,0x0,输入施密特触发器强度控制. bit 1,Input buffer Schmitt trigger level bit 1,,
,,,,IOBLK_G11_REG_IIC3_SDA_HE,10,0x0,弱电平维持器(Bus holder) 使能 . 0=无效 ; 1=有效,Bus holder enable 0=disable; 1=enable,,
,,,,IOBLK_G11_REG_IIC3_SDA_SL,11,0x0,输出电平转换速率限制. 0=无效(较快) ; 1=有效(较慢),Output Buffer Slew Rate Limit 0=disable; 1=enable,,
A12,VIVO_D10,IOBLK_G12_REG_VIVO_D10,0x0300_1C00,IOBLK_G12_REG_VIVO_D10_PU,2,0x0,上拉电阻使能. 0=无效; 1=有效,Pull up enable 0=disable; 1=enable,,
,,,,IOBLK_G12_REG_VIVO_D10_PD,3,0x1,下拉电阻使能. 0=无效; 1=有效,Pull down enable 0=disable; 1=enable,,
,,,,IOBLK_G12_REG_VIVO_D10_DS0,5,0x0,输出驱动能力档位 bit 0,Output buffer Driving Strength bit 0 ,,
,,,,IOBLK_G12_REG_VIVO_D10_DS1,6,0x1,输出驱动能力档位 bit 1,Output buffer Driving Strength bit 1 ,,
,,,,IOBLK_G12_REG_VIVO_D10_DS2,7,0x0,输出驱动能力档位 bit 2,Output buffer Driving Strength bit 2 ,,
,,,,IOBLK_G12_REG_VIVO_D10_ST0,8,0x0,输入施密特触发器强度控制. bit 0,Input buffer Schmitt trigger level bit 0,,
,,,,IOBLK_G12_REG_VIVO_D10_SL,11,0x0,输出电平转换速率限制. 0=无效(较快) ; 1=有效(较慢),Output Buffer Slew Rate Limit 0=disable; 1=enable,,
B12,VIVO_D9,IOBLK_G12_REG_VIVO_D9,0x0300_1C04,IOBLK_G12_REG_VIVO_D9_PU,2,0x0,上拉电阻使能. 0=无效; 1=有效,Pull up enable 0=disable; 1=enable,,
,,,,IOBLK_G12_REG_VIVO_D9_PD,3,0x1,下拉电阻使能. 0=无效; 1=有效,Pull down enable 0=disable; 1=enable,,
,,,,IOBLK_G12_REG_VIVO_D9_DS0,5,0x0,输出驱动能力档位 bit 0,Output buffer Driving Strength bit 0 ,,
,,,,IOBLK_G12_REG_VIVO_D9_DS1,6,0x1,输出驱动能力档位 bit 1,Output buffer Driving Strength bit 1 ,,
,,,,IOBLK_G12_REG_VIVO_D9_DS2,7,0x0,输出驱动能力档位 bit 2,Output buffer Driving Strength bit 2 ,,
,,,,IOBLK_G12_REG_VIVO_D9_ST0,8,0x0,输入施密特触发器强度控制. bit 0,Input buffer Schmitt trigger level bit 0,,
,,,,IOBLK_G12_REG_VIVO_D9_SL,11,0x0,输出电平转换速率限制. 0=无效(较快) ; 1=有效(较慢),Output Buffer Slew Rate Limit 0=disable; 1=enable,,
C11,VIVO_D8,IOBLK_G12_REG_VIVO_D8,0x0300_1C08,IOBLK_G12_REG_VIVO_D8_PU,2,0x0,上拉电阻使能. 0=无效; 1=有效,Pull up enable 0=disable; 1=enable,,
,,,,IOBLK_G12_REG_VIVO_D8_PD,3,0x1,下拉电阻使能. 0=无效; 1=有效,Pull down enable 0=disable; 1=enable,,
,,,,IOBLK_G12_REG_VIVO_D8_DS0,5,0x0,输出驱动能力档位 bit 0,Output buffer Driving Strength bit 0 ,,
,,,,IOBLK_G12_REG_VIVO_D8_DS1,6,0x1,输出驱动能力档位 bit 1,Output buffer Driving Strength bit 1 ,,
,,,,IOBLK_G12_REG_VIVO_D8_DS2,7,0x0,输出驱动能力档位 bit 2,Output buffer Driving Strength bit 2 ,,
,,,,IOBLK_G12_REG_VIVO_D8_ST0,8,0x0,输入施密特触发器强度控制. bit 0,Input buffer Schmitt trigger level bit 0,,
,,,,IOBLK_G12_REG_VIVO_D8_SL,11,0x0,输出电平转换速率限制. 0=无效(较快) ; 1=有效(较慢),Output Buffer Slew Rate Limit 0=disable; 1=enable,,
B11,VIVO_D7,IOBLK_G12_REG_VIVO_D7,0x0300_1C0C,IOBLK_G12_REG_VIVO_D7_PU,2,0x0,上拉电阻使能. 0=无效; 1=有效,Pull up enable 0=disable; 1=enable,,
,,,,IOBLK_G12_REG_VIVO_D7_PD,3,0x1,下拉电阻使能. 0=无效; 1=有效,Pull down enable 0=disable; 1=enable,,
,,,,IOBLK_G12_REG_VIVO_D7_DS0,5,0x0,输出驱动能力档位 bit 0,Output buffer Driving Strength bit 0 ,,
,,,,IOBLK_G12_REG_VIVO_D7_DS1,6,0x1,输出驱动能力档位 bit 1,Output buffer Driving Strength bit 1 ,,
,,,,IOBLK_G12_REG_VIVO_D7_DS2,7,0x0,输出驱动能力档位 bit 2,Output buffer Driving Strength bit 2 ,,
,,,,IOBLK_G12_REG_VIVO_D7_ST0,8,0x0,输入施密特触发器强度控制. bit 0,Input buffer Schmitt trigger level bit 0,,
,,,,IOBLK_G12_REG_VIVO_D7_SL,11,0x0,输出电平转换速率限制. 0=无效(较快) ; 1=有效(较慢),Output Buffer Slew Rate Limit 0=disable; 1=enable,,
C10,VIVO_D6,IOBLK_G12_REG_VIVO_D6,0x0300_1C10,IOBLK_G12_REG_VIVO_D6_PU,2,0x0,上拉电阻使能. 0=无效; 1=有效,Pull up enable 0=disable; 1=enable,,
,,,,IOBLK_G12_REG_VIVO_D6_PD,3,0x1,下拉电阻使能. 0=无效; 1=有效,Pull down enable 0=disable; 1=enable,,
,,,,IOBLK_G12_REG_VIVO_D6_DS0,5,0x0,输出驱动能力档位 bit 0,Output buffer Driving Strength bit 0 ,,
,,,,IOBLK_G12_REG_VIVO_D6_DS1,6,0x1,输出驱动能力档位 bit 1,Output buffer Driving Strength bit 1 ,,
,,,,IOBLK_G12_REG_VIVO_D6_DS2,7,0x0,输出驱动能力档位 bit 2,Output buffer Driving Strength bit 2 ,,
,,,,IOBLK_G12_REG_VIVO_D6_ST0,8,0x0,输入施密特触发器强度控制. bit 0,Input buffer Schmitt trigger level bit 0,,
,,,,IOBLK_G12_REG_VIVO_D6_SL,11,0x0,输出电平转换速率限制. 0=无效(较快) ; 1=有效(较慢),Output Buffer Slew Rate Limit 0=disable; 1=enable,,
B10,VIVO_D5,IOBLK_G12_REG_VIVO_D5,0x0300_1C14,IOBLK_G12_REG_VIVO_D5_PU,2,0x0,上拉电阻使能. 0=无效; 1=有效,Pull up enable 0=disable; 1=enable,,
,,,,IOBLK_G12_REG_VIVO_D5_PD,3,0x1,下拉电阻使能. 0=无效; 1=有效,Pull down enable 0=disable; 1=enable,,
,,,,IOBLK_G12_REG_VIVO_D5_DS0,5,0x0,输出驱动能力档位 bit 0,Output buffer Driving Strength bit 0 ,,
,,,,IOBLK_G12_REG_VIVO_D5_DS1,6,0x1,输出驱动能力档位 bit 1,Output buffer Driving Strength bit 1 ,,
,,,,IOBLK_G12_REG_VIVO_D5_DS2,7,0x0,输出驱动能力档位 bit 2,Output buffer Driving Strength bit 2 ,,
,,,,IOBLK_G12_REG_VIVO_D5_ST0,8,0x0,输入施密特触发器强度控制. bit 0,Input buffer Schmitt trigger level bit 0,,
,,,,IOBLK_G12_REG_VIVO_D5_SL,11,0x0,输出电平转换速率限制. 0=无效(较快) ; 1=有效(较慢),Output Buffer Slew Rate Limit 0=disable; 1=enable,,
D10,VIVO_D4,IOBLK_G12_REG_VIVO_D4,0x0300_1C18,IOBLK_G12_REG_VIVO_D4_PU,2,0x0,上拉电阻使能. 0=无效; 1=有效,Pull up enable 0=disable; 1=enable,,
,,,,IOBLK_G12_REG_VIVO_D4_PD,3,0x1,下拉电阻使能. 0=无效; 1=有效,Pull down enable 0=disable; 1=enable,,
,,,,IOBLK_G12_REG_VIVO_D4_DS0,5,0x0,输出驱动能力档位 bit 0,Output buffer Driving Strength bit 0 ,,
,,,,IOBLK_G12_REG_VIVO_D4_DS1,6,0x1,输出驱动能力档位 bit 1,Output buffer Driving Strength bit 1 ,,
,,,,IOBLK_G12_REG_VIVO_D4_DS2,7,0x0,输出驱动能力档位 bit 2,Output buffer Driving Strength bit 2 ,,
,,,,IOBLK_G12_REG_VIVO_D4_ST0,8,0x0,输入施密特触发器强度控制. bit 0,Input buffer Schmitt trigger level bit 0,,
,,,,IOBLK_G12_REG_VIVO_D4_SL,11,0x0,输出电平转换速率限制. 0=无效(较快) ; 1=有效(较慢),Output Buffer Slew Rate Limit 0=disable; 1=enable,,
A10,VIVO_D3,IOBLK_G12_REG_VIVO_D3,0x0300_1C1C,IOBLK_G12_REG_VIVO_D3_PU,2,0x0,上拉电阻使能. 0=无效; 1=有效,Pull up enable 0=disable; 1=enable,,
,,,,IOBLK_G12_REG_VIVO_D3_PD,3,0x1,下拉电阻使能. 0=无效; 1=有效,Pull down enable 0=disable; 1=enable,,
,,,,IOBLK_G12_REG_VIVO_D3_DS0,5,0x0,输出驱动能力档位 bit 0,Output buffer Driving Strength bit 0 ,,
,,,,IOBLK_G12_REG_VIVO_D3_DS1,6,0x1,输出驱动能力档位 bit 1,Output buffer Driving Strength bit 1 ,,
,,,,IOBLK_G12_REG_VIVO_D3_DS2,7,0x0,输出驱动能力档位 bit 2,Output buffer Driving Strength bit 2 ,,
,,,,IOBLK_G12_REG_VIVO_D3_ST0,8,0x0,输入施密特触发器强度控制. bit 0,Input buffer Schmitt trigger level bit 0,,
,,,,IOBLK_G12_REG_VIVO_D3_SL,11,0x0,输出电平转换速率限制. 0=无效(较快) ; 1=有效(较慢),Output Buffer Slew Rate Limit 0=disable; 1=enable,,
A9,VIVO_D2,IOBLK_G12_REG_VIVO_D2,0x0300_1C20,IOBLK_G12_REG_VIVO_D2_PU,2,0x0,上拉电阻使能. 0=无效; 1=有效,Pull up enable 0=disable; 1=enable,,
,,,,IOBLK_G12_REG_VIVO_D2_PD,3,0x1,下拉电阻使能. 0=无效; 1=有效,Pull down enable 0=disable; 1=enable,,
,,,,IOBLK_G12_REG_VIVO_D2_DS0,5,0x0,输出驱动能力档位 bit 0,Output buffer Driving Strength bit 0 ,,
,,,,IOBLK_G12_REG_VIVO_D2_DS1,6,0x1,输出驱动能力档位 bit 1,Output buffer Driving Strength bit 1 ,,
,,,,IOBLK_G12_REG_VIVO_D2_DS2,7,0x0,输出驱动能力档位 bit 2,Output buffer Driving Strength bit 2 ,,
,,,,IOBLK_G12_REG_VIVO_D2_ST0,8,0x0,输入施密特触发器强度控制. bit 0,Input buffer Schmitt trigger level bit 0,,
,,,,IOBLK_G12_REG_VIVO_D2_SL,11,0x0,输出电平转换速率限制. 0=无效(较快) ; 1=有效(较慢),Output Buffer Slew Rate Limit 0=disable; 1=enable,,
B9,VIVO_D1,IOBLK_G12_REG_VIVO_D1,0x0300_1C24,IOBLK_G12_REG_VIVO_D1_PU,2,0x0,上拉电阻使能. 0=无效; 1=有效,Pull up enable 0=disable; 1=enable,,
,,,,IOBLK_G12_REG_VIVO_D1_PD,3,0x1,下拉电阻使能. 0=无效; 1=有效,Pull down enable 0=disable; 1=enable,,
,,,,IOBLK_G12_REG_VIVO_D1_DS0,5,0x0,输出驱动能力档位 bit 0,Output buffer Driving Strength bit 0 ,,
,,,,IOBLK_G12_REG_VIVO_D1_DS1,6,0x1,输出驱动能力档位 bit 1,Output buffer Driving Strength bit 1 ,,
,,,,IOBLK_G12_REG_VIVO_D1_DS2,7,0x0,输出驱动能力档位 bit 2,Output buffer Driving Strength bit 2 ,,
,,,,IOBLK_G12_REG_VIVO_D1_ST0,8,0x0,输入施密特触发器强度控制. bit 0,Input buffer Schmitt trigger level bit 0,,
,,,,IOBLK_G12_REG_VIVO_D1_SL,11,0x0,输出电平转换速率限制. 0=无效(较快) ; 1=有效(较慢),Output Buffer Slew Rate Limit 0=disable; 1=enable,,
E10,VIVO_D0,IOBLK_G12_REG_VIVO_D0,0x0300_1C28,IOBLK_G12_REG_VIVO_D0_PU,2,0x0,上拉电阻使能. 0=无效; 1=有效,Pull up enable 0=disable; 1=enable,,
,,,,IOBLK_G12_REG_VIVO_D0_PD,3,0x1,下拉电阻使能. 0=无效; 1=有效,Pull down enable 0=disable; 1=enable,,
,,,,IOBLK_G12_REG_VIVO_D0_DS0,5,0x0,输出驱动能力档位 bit 0,Output buffer Driving Strength bit 0 ,,
,,,,IOBLK_G12_REG_VIVO_D0_DS1,6,0x1,输出驱动能力档位 bit 1,Output buffer Driving Strength bit 1 ,,
,,,,IOBLK_G12_REG_VIVO_D0_DS2,7,0x0,输出驱动能力档位 bit 2,Output buffer Driving Strength bit 2 ,,
,,,,IOBLK_G12_REG_VIVO_D0_ST0,8,0x0,输入施密特触发器强度控制. bit 0,Input buffer Schmitt trigger level bit 0,,
,,,,IOBLK_G12_REG_VIVO_D0_SL,11,0x0,输出电平转换速率限制. 0=无效(较快) ; 1=有效(较慢),Output Buffer Slew Rate Limit 0=disable; 1=enable,,
C9,VIVO_CLK,IOBLK_G12_REG_VIVO_CLK,0x0300_1C2C,IOBLK_G12_REG_VIVO_CLK_PU,2,0x0,上拉电阻使能. 0=无效; 1=有效,Pull up enable 0=disable; 1=enable,,
,,,,IOBLK_G12_REG_VIVO_CLK_PD,3,0x1,下拉电阻使能. 0=无效; 1=有效,Pull down enable 0=disable; 1=enable,,
,,,,IOBLK_G12_REG_VIVO_CLK_DS0,5,0x0,输出驱动能力档位 bit 0,Output buffer Driving Strength bit 0 ,,
,,,,IOBLK_G12_REG_VIVO_CLK_DS1,6,0x1,输出驱动能力档位 bit 1,Output buffer Driving Strength bit 1 ,,
,,,,IOBLK_G12_REG_VIVO_CLK_DS2,7,0x0,输出驱动能力档位 bit 2,Output buffer Driving Strength bit 2 ,,
,,,,IOBLK_G12_REG_VIVO_CLK_ST0,8,0x0,输入施密特触发器强度控制. bit 0,Input buffer Schmitt trigger level bit 0,,
,,,,IOBLK_G12_REG_VIVO_CLK_SL,11,0x0,输出电平转换速率限制. 0=无效(较快) ; 1=有效(较慢),Output Buffer Slew Rate Limit 0=disable; 1=enable,,
B8,PAD_MIPIRX5N,IOBLK_G12_REG_PAD_MIPIRX5N,0x0300_1C30,IOBLK_G12_REG_PAD_MIPIRX5N_PU,2,0x0,上拉电阻使能. 0=无效; 1=有效,Pull up enable 0=disable; 1=enable,,
,,,,IOBLK_G12_REG_PAD_MIPIRX5N_PD,3,0x1,下拉电阻使能. 0=无效; 1=有效,Pull down enable 0=disable; 1=enable,,
,,,,IOBLK_G12_REG_PAD_MIPIRX5N_DS0,5,0x0,输出驱动能力档位 bit 0,Output buffer Driving Strength bit 0 ,,
,,,,IOBLK_G12_REG_PAD_MIPIRX5N_DS1,6,0x1,输出驱动能力档位 bit 1,Output buffer Driving Strength bit 1 ,,
,,,,IOBLK_G12_REG_PAD_MIPIRX5N_ST0,8,0x0,输入施密特触发器强度控制. bit 0,Input buffer Schmitt trigger level bit 0,,
,,,,IOBLK_G12_REG_PAD_MIPIRX5N_ST1,9,0x0,输入施密特触发器强度控制. bit 1,Input buffer Schmitt trigger level bit 1,,
,,,,IOBLK_G12_REG_PAD_MIPIRX5N_HE,10,0x0,弱电平维持器(Bus holder) 使能 . 0=无效 ; 1=有效,Bus holder enable 0=disable; 1=enable,,
,,,,IOBLK_G12_REG_PAD_MIPIRX5N_SL,11,0x0,输出电平转换速率限制. 0=无效(较快) ; 1=有效(较慢),Output Buffer Slew Rate Limit 0=disable; 1=enable,,
C8,PAD_MIPIRX5P,IOBLK_G12_REG_PAD_MIPIRX5P,0x0300_1C34,IOBLK_G12_REG_PAD_MIPIRX5P_PU,2,0x0,上拉电阻使能. 0=无效; 1=有效,Pull up enable 0=disable; 1=enable,,
,,,,IOBLK_G12_REG_PAD_MIPIRX5P_PD,3,0x1,下拉电阻使能. 0=无效; 1=有效,Pull down enable 0=disable; 1=enable,,
,,,,IOBLK_G12_REG_PAD_MIPIRX5P_DS0,5,0x0,输出驱动能力档位 bit 0,Output buffer Driving Strength bit 0 ,,
,,,,IOBLK_G12_REG_PAD_MIPIRX5P_DS1,6,0x1,输出驱动能力档位 bit 1,Output buffer Driving Strength bit 1 ,,
,,,,IOBLK_G12_REG_PAD_MIPIRX5P_ST0,8,0x0,输入施密特触发器强度控制. bit 0,Input buffer Schmitt trigger level bit 0,,
,,,,IOBLK_G12_REG_PAD_MIPIRX5P_ST1,9,0x0,输入施密特触发器强度控制. bit 1,Input buffer Schmitt trigger level bit 1,,
,,,,IOBLK_G12_REG_PAD_MIPIRX5P_HE,10,0x0,弱电平维持器(Bus holder) 使能 . 0=无效 ; 1=有效,Bus holder enable 0=disable; 1=enable,,
,,,,IOBLK_G12_REG_PAD_MIPIRX5P_SL,11,0x0,输出电平转换速率限制. 0=无效(较快) ; 1=有效(较慢),Output Buffer Slew Rate Limit 0=disable; 1=enable,,
B7,PAD_MIPIRX4N,IOBLK_G12_REG_PAD_MIPIRX4N,0x0300_1C38,IOBLK_G12_REG_PAD_MIPIRX4N_PU,2,0x0,上拉电阻使能. 0=无效; 1=有效,Pull up enable 0=disable; 1=enable,,
,,,,IOBLK_G12_REG_PAD_MIPIRX4N_PD,3,0x1,下拉电阻使能. 0=无效; 1=有效,Pull down enable 0=disable; 1=enable,,
,,,,IOBLK_G12_REG_PAD_MIPIRX4N_DS0,5,0x0,输出驱动能力档位 bit 0,Output buffer Driving Strength bit 0 ,,
,,,,IOBLK_G12_REG_PAD_MIPIRX4N_DS1,6,0x1,输出驱动能力档位 bit 1,Output buffer Driving Strength bit 1 ,,
,,,,IOBLK_G12_REG_PAD_MIPIRX4N_ST0,8,0x0,输入施密特触发器强度控制. bit 0,Input buffer Schmitt trigger level bit 0,,
,,,,IOBLK_G12_REG_PAD_MIPIRX4N_ST1,9,0x0,输入施密特触发器强度控制. bit 1,Input buffer Schmitt trigger level bit 1,,
,,,,IOBLK_G12_REG_PAD_MIPIRX4N_HE,10,0x0,弱电平维持器(Bus holder) 使能 . 0=无效 ; 1=有效,Bus holder enable 0=disable; 1=enable,,
,,,,IOBLK_G12_REG_PAD_MIPIRX4N_SL,11,0x0,输出电平转换速率限制. 0=无效(较快) ; 1=有效(较慢),Output Buffer Slew Rate Limit 0=disable; 1=enable,,
A7,PAD_MIPIRX4P,IOBLK_G12_REG_PAD_MIPIRX4P,0x0300_1C3C,IOBLK_G12_REG_PAD_MIPIRX4P_PU,2,0x0,上拉电阻使能. 0=无效; 1=有效,Pull up enable 0=disable; 1=enable,,
,,,,IOBLK_G12_REG_PAD_MIPIRX4P_PD,3,0x1,下拉电阻使能. 0=无效; 1=有效,Pull down enable 0=disable; 1=enable,,
,,,,IOBLK_G12_REG_PAD_MIPIRX4P_DS0,5,0x0,输出驱动能力档位 bit 0,Output buffer Driving Strength bit 0 ,,
,,,,IOBLK_G12_REG_PAD_MIPIRX4P_DS1,6,0x1,输出驱动能力档位 bit 1,Output buffer Driving Strength bit 1 ,,
,,,,IOBLK_G12_REG_PAD_MIPIRX4P_ST0,8,0x0,输入施密特触发器强度控制. bit 0,Input buffer Schmitt trigger level bit 0,,
,,,,IOBLK_G12_REG_PAD_MIPIRX4P_ST1,9,0x0,输入施密特触发器强度控制. bit 1,Input buffer Schmitt trigger level bit 1,,
,,,,IOBLK_G12_REG_PAD_MIPIRX4P_HE,10,0x0,弱电平维持器(Bus holder) 使能 . 0=无效 ; 1=有效,Bus holder enable 0=disable; 1=enable,,
,,,,IOBLK_G12_REG_PAD_MIPIRX4P_SL,11,0x0,输出电平转换速率限制. 0=无效(较快) ; 1=有效(较慢),Output Buffer Slew Rate Limit 0=disable; 1=enable,,
C7,PAD_MIPIRX3N,IOBLK_G12_REG_PAD_MIPIRX3N,0x0300_1C40,IOBLK_G12_REG_PAD_MIPIRX3N_PU,2,0x0,上拉电阻使能. 0=无效; 1=有效,Pull up enable 0=disable; 1=enable,,
,,,,IOBLK_G12_REG_PAD_MIPIRX3N_PD,3,0x1,下拉电阻使能. 0=无效; 1=有效,Pull down enable 0=disable; 1=enable,,
,,,,IOBLK_G12_REG_PAD_MIPIRX3N_DS0,5,0x0,输出驱动能力档位 bit 0,Output buffer Driving Strength bit 0 ,,
,,,,IOBLK_G12_REG_PAD_MIPIRX3N_DS1,6,0x1,输出驱动能力档位 bit 1,Output buffer Driving Strength bit 1 ,,
,,,,IOBLK_G12_REG_PAD_MIPIRX3N_ST0,8,0x0,输入施密特触发器强度控制. bit 0,Input buffer Schmitt trigger level bit 0,,
,,,,IOBLK_G12_REG_PAD_MIPIRX3N_ST1,9,0x0,输入施密特触发器强度控制. bit 1,Input buffer Schmitt trigger level bit 1,,
,,,,IOBLK_G12_REG_PAD_MIPIRX3N_HE,10,0x0,弱电平维持器(Bus holder) 使能 . 0=无效 ; 1=有效,Bus holder enable 0=disable; 1=enable,,
,,,,IOBLK_G12_REG_PAD_MIPIRX3N_SL,11,0x0,输出电平转换速率限制. 0=无效(较快) ; 1=有效(较慢),Output Buffer Slew Rate Limit 0=disable; 1=enable,,
A6,PAD_MIPIRX3P,IOBLK_G12_REG_PAD_MIPIRX3P,0x0300_1C44,IOBLK_G12_REG_PAD_MIPIRX3P_PU,2,0x0,上拉电阻使能. 0=无效; 1=有效,Pull up enable 0=disable; 1=enable,,
,,,,IOBLK_G12_REG_PAD_MIPIRX3P_PD,3,0x1,下拉电阻使能. 0=无效; 1=有效,Pull down enable 0=disable; 1=enable,,
,,,,IOBLK_G12_REG_PAD_MIPIRX3P_DS0,5,0x0,输出驱动能力档位 bit 0,Output buffer Driving Strength bit 0 ,,
,,,,IOBLK_G12_REG_PAD_MIPIRX3P_DS1,6,0x1,输出驱动能力档位 bit 1,Output buffer Driving Strength bit 1 ,,
,,,,IOBLK_G12_REG_PAD_MIPIRX3P_ST0,8,0x0,输入施密特触发器强度控制. bit 0,Input buffer Schmitt trigger level bit 0,,
,,,,IOBLK_G12_REG_PAD_MIPIRX3P_ST1,9,0x0,输入施密特触发器强度控制. bit 1,Input buffer Schmitt trigger level bit 1,,
,,,,IOBLK_G12_REG_PAD_MIPIRX3P_HE,10,0x0,弱电平维持器(Bus holder) 使能 . 0=无效 ; 1=有效,Bus holder enable 0=disable; 1=enable,,
,,,,IOBLK_G12_REG_PAD_MIPIRX3P_SL,11,0x0,输出电平转换速率限制. 0=无效(较快) ; 1=有效(较慢),Output Buffer Slew Rate Limit 0=disable; 1=enable,,
B6,PAD_MIPIRX2N,IOBLK_G12_REG_PAD_MIPIRX2N,0x0300_1C48,IOBLK_G12_REG_PAD_MIPIRX2N_PU,2,0x0,上拉电阻使能. 0=无效; 1=有效,Pull up enable 0=disable; 1=enable,,
,,,,IOBLK_G12_REG_PAD_MIPIRX2N_PD,3,0x1,下拉电阻使能. 0=无效; 1=有效,Pull down enable 0=disable; 1=enable,,
,,,,IOBLK_G12_REG_PAD_MIPIRX2N_DS0,5,0x0,输出驱动能力档位 bit 0,Output buffer Driving Strength bit 0 ,,
,,,,IOBLK_G12_REG_PAD_MIPIRX2N_DS1,6,0x1,输出驱动能力档位 bit 1,Output buffer Driving Strength bit 1 ,,
,,,,IOBLK_G12_REG_PAD_MIPIRX2N_ST0,8,0x0,输入施密特触发器强度控制. bit 0,Input buffer Schmitt trigger level bit 0,,
,,,,IOBLK_G12_REG_PAD_MIPIRX2N_ST1,9,0x0,输入施密特触发器强度控制. bit 1,Input buffer Schmitt trigger level bit 1,,
,,,,IOBLK_G12_REG_PAD_MIPIRX2N_HE,10,0x0,弱电平维持器(Bus holder) 使能 . 0=无效 ; 1=有效,Bus holder enable 0=disable; 1=enable,,
,,,,IOBLK_G12_REG_PAD_MIPIRX2N_SL,11,0x0,输出电平转换速率限制. 0=无效(较快) ; 1=有效(较慢),Output Buffer Slew Rate Limit 0=disable; 1=enable,,
C6,PAD_MIPIRX2P,IOBLK_G12_REG_PAD_MIPIRX2P,0x0300_1C4C,IOBLK_G12_REG_PAD_MIPIRX2P_PU,2,0x0,上拉电阻使能. 0=无效; 1=有效,Pull up enable 0=disable; 1=enable,,
,,,,IOBLK_G12_REG_PAD_MIPIRX2P_PD,3,0x1,下拉电阻使能. 0=无效; 1=有效,Pull down enable 0=disable; 1=enable,,
,,,,IOBLK_G12_REG_PAD_MIPIRX2P_DS0,5,0x0,输出驱动能力档位 bit 0,Output buffer Driving Strength bit 0 ,,
,,,,IOBLK_G12_REG_PAD_MIPIRX2P_DS1,6,0x1,输出驱动能力档位 bit 1,Output buffer Driving Strength bit 1 ,,
,,,,IOBLK_G12_REG_PAD_MIPIRX2P_ST0,8,0x0,输入施密特触发器强度控制. bit 0,Input buffer Schmitt trigger level bit 0,,
,,,,IOBLK_G12_REG_PAD_MIPIRX2P_ST1,9,0x0,输入施密特触发器强度控制. bit 1,Input buffer Schmitt trigger level bit 1,,
,,,,IOBLK_G12_REG_PAD_MIPIRX2P_HE,10,0x0,弱电平维持器(Bus holder) 使能 . 0=无效 ; 1=有效,Bus holder enable 0=disable; 1=enable,,
,,,,IOBLK_G12_REG_PAD_MIPIRX2P_SL,11,0x0,输出电平转换速率限制. 0=无效(较快) ; 1=有效(较慢),Output Buffer Slew Rate Limit 0=disable; 1=enable,,
B5,PAD_MIPIRX1N,IOBLK_G12_REG_PAD_MIPIRX1N,0x0300_1C50,IOBLK_G12_REG_PAD_MIPIRX1N_PU,2,0x0,上拉电阻使能. 0=无效; 1=有效,Pull up enable 0=disable; 1=enable,,
,,,,IOBLK_G12_REG_PAD_MIPIRX1N_PD,3,0x1,下拉电阻使能. 0=无效; 1=有效,Pull down enable 0=disable; 1=enable,,
,,,,IOBLK_G12_REG_PAD_MIPIRX1N_DS0,5,0x0,输出驱动能力档位 bit 0,Output buffer Driving Strength bit 0 ,,
,,,,IOBLK_G12_REG_PAD_MIPIRX1N_DS1,6,0x1,输出驱动能力档位 bit 1,Output buffer Driving Strength bit 1 ,,
,,,,IOBLK_G12_REG_PAD_MIPIRX1N_ST0,8,0x0,输入施密特触发器强度控制. bit 0,Input buffer Schmitt trigger level bit 0,,
,,,,IOBLK_G12_REG_PAD_MIPIRX1N_ST1,9,0x0,输入施密特触发器强度控制. bit 1,Input buffer Schmitt trigger level bit 1,,
,,,,IOBLK_G12_REG_PAD_MIPIRX1N_HE,10,0x0,弱电平维持器(Bus holder) 使能 . 0=无效 ; 1=有效,Bus holder enable 0=disable; 1=enable,,
,,,,IOBLK_G12_REG_PAD_MIPIRX1N_SL,11,0x0,输出电平转换速率限制. 0=无效(较快) ; 1=有效(较慢),Output Buffer Slew Rate Limit 0=disable; 1=enable,,
C5,PAD_MIPIRX1P,IOBLK_G12_REG_PAD_MIPIRX1P,0x0300_1C54,IOBLK_G12_REG_PAD_MIPIRX1P_PU,2,0x0,上拉电阻使能. 0=无效; 1=有效,Pull up enable 0=disable; 1=enable,,
,,,,IOBLK_G12_REG_PAD_MIPIRX1P_PD,3,0x1,下拉电阻使能. 0=无效; 1=有效,Pull down enable 0=disable; 1=enable,,
,,,,IOBLK_G12_REG_PAD_MIPIRX1P_DS0,5,0x0,输出驱动能力档位 bit 0,Output buffer Driving Strength bit 0 ,,
,,,,IOBLK_G12_REG_PAD_MIPIRX1P_DS1,6,0x1,输出驱动能力档位 bit 1,Output buffer Driving Strength bit 1 ,,
,,,,IOBLK_G12_REG_PAD_MIPIRX1P_ST0,8,0x0,输入施密特触发器强度控制. bit 0,Input buffer Schmitt trigger level bit 0,,
,,,,IOBLK_G12_REG_PAD_MIPIRX1P_ST1,9,0x0,输入施密特触发器强度控制. bit 1,Input buffer Schmitt trigger level bit 1,,
,,,,IOBLK_G12_REG_PAD_MIPIRX1P_HE,10,0x0,弱电平维持器(Bus holder) 使能 . 0=无效 ; 1=有效,Bus holder enable 0=disable; 1=enable,,
,,,,IOBLK_G12_REG_PAD_MIPIRX1P_SL,11,0x0,输出电平转换速率限制. 0=无效(较快) ; 1=有效(较慢),Output Buffer Slew Rate Limit 0=disable; 1=enable,,
A4,PAD_MIPIRX0N,IOBLK_G12_REG_PAD_MIPIRX0N,0x0300_1C58,IOBLK_G12_REG_PAD_MIPIRX0N_PU,2,0x0,上拉电阻使能. 0=无效; 1=有效,Pull up enable 0=disable; 1=enable,,
,,,,IOBLK_G12_REG_PAD_MIPIRX0N_PD,3,0x1,下拉电阻使能. 0=无效; 1=有效,Pull down enable 0=disable; 1=enable,,
,,,,IOBLK_G12_REG_PAD_MIPIRX0N_DS0,5,0x0,输出驱动能力档位 bit 0,Output buffer Driving Strength bit 0 ,,
,,,,IOBLK_G12_REG_PAD_MIPIRX0N_DS1,6,0x1,输出驱动能力档位 bit 1,Output buffer Driving Strength bit 1 ,,
,,,,IOBLK_G12_REG_PAD_MIPIRX0N_ST0,8,0x0,输入施密特触发器强度控制. bit 0,Input buffer Schmitt trigger level bit 0,,
,,,,IOBLK_G12_REG_PAD_MIPIRX0N_ST1,9,0x0,输入施密特触发器强度控制. bit 1,Input buffer Schmitt trigger level bit 1,,
,,,,IOBLK_G12_REG_PAD_MIPIRX0N_HE,10,0x0,弱电平维持器(Bus holder) 使能 . 0=无效 ; 1=有效,Bus holder enable 0=disable; 1=enable,,
,,,,IOBLK_G12_REG_PAD_MIPIRX0N_SL,11,0x0,输出电平转换速率限制. 0=无效(较快) ; 1=有效(较慢),Output Buffer Slew Rate Limit 0=disable; 1=enable,,
B4,PAD_MIPIRX0P,IOBLK_G12_REG_PAD_MIPIRX0P,0x0300_1C5C,IOBLK_G12_REG_PAD_MIPIRX0P_PU,2,0x0,上拉电阻使能. 0=无效; 1=有效,Pull up enable 0=disable; 1=enable,,
,,,,IOBLK_G12_REG_PAD_MIPIRX0P_PD,3,0x1,下拉电阻使能. 0=无效; 1=有效,Pull down enable 0=disable; 1=enable,,
,,,,IOBLK_G12_REG_PAD_MIPIRX0P_DS0,5,0x0,输出驱动能力档位 bit 0,Output buffer Driving Strength bit 0 ,,
,,,,IOBLK_G12_REG_PAD_MIPIRX0P_DS1,6,0x1,输出驱动能力档位 bit 1,Output buffer Driving Strength bit 1 ,,
,,,,IOBLK_G12_REG_PAD_MIPIRX0P_ST0,8,0x0,输入施密特触发器强度控制. bit 0,Input buffer Schmitt trigger level bit 0,,
,,,,IOBLK_G12_REG_PAD_MIPIRX0P_ST1,9,0x0,输入施密特触发器强度控制. bit 1,Input buffer Schmitt trigger level bit 1,,
,,,,IOBLK_G12_REG_PAD_MIPIRX0P_HE,10,0x0,弱电平维持器(Bus holder) 使能 . 0=无效 ; 1=有效,Bus holder enable 0=disable; 1=enable,,
,,,,IOBLK_G12_REG_PAD_MIPIRX0P_SL,11,0x0,输出电平转换速率限制. 0=无效(较快) ; 1=有效(较慢),Output Buffer Slew Rate Limit 0=disable; 1=enable,,
A2,PAD_MIPI_TXM4,IOBLK_G12_REG_PAD_MIPI_TXM4,0x0300_1C60,IOBLK_G12_REG_PAD_MIPI_TXM4_PU,2,0x0,上拉电阻使能. 0=无效; 1=有效,Pull up enable 0=disable; 1=enable,,
,,,,IOBLK_G12_REG_PAD_MIPI_TXM4_PD,3,0x1,下拉电阻使能. 0=无效; 1=有效,Pull down enable 0=disable; 1=enable,,
,,,,IOBLK_G12_REG_PAD_MIPI_TXM4_DS0,5,0x0,输出驱动能力档位 bit 0,Output buffer Driving Strength bit 0 ,,
,,,,IOBLK_G12_REG_PAD_MIPI_TXM4_DS1,6,0x1,输出驱动能力档位 bit 1,Output buffer Driving Strength bit 1 ,,
,,,,IOBLK_G12_REG_PAD_MIPI_TXM4_ST0,8,0x0,输入施密特触发器强度控制. bit 0,Input buffer Schmitt trigger level bit 0,,
,,,,IOBLK_G12_REG_PAD_MIPI_TXM4_ST1,9,0x0,输入施密特触发器强度控制. bit 1,Input buffer Schmitt trigger level bit 1,,
,,,,IOBLK_G12_REG_PAD_MIPI_TXM4_HE,10,0x0,弱电平维持器(Bus holder) 使能 . 0=无效 ; 1=有效,Bus holder enable 0=disable; 1=enable,,
,,,,IOBLK_G12_REG_PAD_MIPI_TXM4_SL,11,0x0,输出电平转换速率限制. 0=无效(较快) ; 1=有效(较慢),Output Buffer Slew Rate Limit 0=disable; 1=enable,,
B3,PAD_MIPI_TXP4,IOBLK_G12_REG_PAD_MIPI_TXP4,0x0300_1C64,IOBLK_G12_REG_PAD_MIPI_TXP4_PU,2,0x0,上拉电阻使能. 0=无效; 1=有效,Pull up enable 0=disable; 1=enable,,
,,,,IOBLK_G12_REG_PAD_MIPI_TXP4_PD,3,0x1,下拉电阻使能. 0=无效; 1=有效,Pull down enable 0=disable; 1=enable,,
,,,,IOBLK_G12_REG_PAD_MIPI_TXP4_DS0,5,0x0,输出驱动能力档位 bit 0,Output buffer Driving Strength bit 0 ,,
,,,,IOBLK_G12_REG_PAD_MIPI_TXP4_DS1,6,0x1,输出驱动能力档位 bit 1,Output buffer Driving Strength bit 1 ,,
,,,,IOBLK_G12_REG_PAD_MIPI_TXP4_ST0,8,0x0,输入施密特触发器强度控制. bit 0,Input buffer Schmitt trigger level bit 0,,
,,,,IOBLK_G12_REG_PAD_MIPI_TXP4_ST1,9,0x0,输入施密特触发器强度控制. bit 1,Input buffer Schmitt trigger level bit 1,,
,,,,IOBLK_G12_REG_PAD_MIPI_TXP4_HE,10,0x0,弱电平维持器(Bus holder) 使能 . 0=无效 ; 1=有效,Bus holder enable 0=disable; 1=enable,,
,,,,IOBLK_G12_REG_PAD_MIPI_TXP4_SL,11,0x0,输出电平转换速率限制. 0=无效(较快) ; 1=有效(较慢),Output Buffer Slew Rate Limit 0=disable; 1=enable,,
B2,PAD_MIPI_TXM3,IOBLK_G12_REG_PAD_MIPI_TXM3,0x0300_1C68,IOBLK_G12_REG_PAD_MIPI_TXM3_PU,2,0x0,上拉电阻使能. 0=无效; 1=有效,Pull up enable 0=disable; 1=enable,,
,,,,IOBLK_G12_REG_PAD_MIPI_TXM3_PD,3,0x1,下拉电阻使能. 0=无效; 1=有效,Pull down enable 0=disable; 1=enable,,
,,,,IOBLK_G12_REG_PAD_MIPI_TXM3_DS0,5,0x0,输出驱动能力档位 bit 0,Output buffer Driving Strength bit 0 ,,
,,,,IOBLK_G12_REG_PAD_MIPI_TXM3_DS1,6,0x1,输出驱动能力档位 bit 1,Output buffer Driving Strength bit 1 ,,
,,,,IOBLK_G12_REG_PAD_MIPI_TXM3_ST0,8,0x0,输入施密特触发器强度控制. bit 0,Input buffer Schmitt trigger level bit 0,,
,,,,IOBLK_G12_REG_PAD_MIPI_TXM3_ST1,9,0x0,输入施密特触发器强度控制. bit 1,Input buffer Schmitt trigger level bit 1,,
,,,,IOBLK_G12_REG_PAD_MIPI_TXM3_HE,10,0x0,弱电平维持器(Bus holder) 使能 . 0=无效 ; 1=有效,Bus holder enable 0=disable; 1=enable,,
,,,,IOBLK_G12_REG_PAD_MIPI_TXM3_SL,11,0x0,输出电平转换速率限制. 0=无效(较快) ; 1=有效(较慢),Output Buffer Slew Rate Limit 0=disable; 1=enable,,
B1,PAD_MIPI_TXP3,IOBLK_G12_REG_PAD_MIPI_TXP3,0x0300_1C6C,IOBLK_G12_REG_PAD_MIPI_TXP3_PU,2,0x0,上拉电阻使能. 0=无效; 1=有效,Pull up enable 0=disable; 1=enable,,
,,,,IOBLK_G12_REG_PAD_MIPI_TXP3_PD,3,0x1,下拉电阻使能. 0=无效; 1=有效,Pull down enable 0=disable; 1=enable,,
,,,,IOBLK_G12_REG_PAD_MIPI_TXP3_DS0,5,0x0,输出驱动能力档位 bit 0,Output buffer Driving Strength bit 0 ,,
,,,,IOBLK_G12_REG_PAD_MIPI_TXP3_DS1,6,0x1,输出驱动能力档位 bit 1,Output buffer Driving Strength bit 1 ,,
,,,,IOBLK_G12_REG_PAD_MIPI_TXP3_ST0,8,0x0,输入施密特触发器强度控制. bit 0,Input buffer Schmitt trigger level bit 0,,
,,,,IOBLK_G12_REG_PAD_MIPI_TXP3_ST1,9,0x0,输入施密特触发器强度控制. bit 1,Input buffer Schmitt trigger level bit 1,,
,,,,IOBLK_G12_REG_PAD_MIPI_TXP3_HE,10,0x0,弱电平维持器(Bus holder) 使能 . 0=无效 ; 1=有效,Bus holder enable 0=disable; 1=enable,,
,,,,IOBLK_G12_REG_PAD_MIPI_TXP3_SL,11,0x0,输出电平转换速率限制. 0=无效(较快) ; 1=有效(较慢),Output Buffer Slew Rate Limit 0=disable; 1=enable,,
C2,PAD_MIPI_TXM2,IOBLK_G12_REG_PAD_MIPI_TXM2,0x0300_1C70,IOBLK_G12_REG_PAD_MIPI_TXM2_PU,2,0x0,上拉电阻使能. 0=无效; 1=有效,Pull up enable 0=disable; 1=enable,,
,,,,IOBLK_G12_REG_PAD_MIPI_TXM2_PD,3,0x1,下拉电阻使能. 0=无效; 1=有效,Pull down enable 0=disable; 1=enable,,
,,,,IOBLK_G12_REG_PAD_MIPI_TXM2_DS0,5,0x0,输出驱动能力档位 bit 0,Output buffer Driving Strength bit 0 ,,
,,,,IOBLK_G12_REG_PAD_MIPI_TXM2_DS1,6,0x1,输出驱动能力档位 bit 1,Output buffer Driving Strength bit 1 ,,
,,,,IOBLK_G12_REG_PAD_MIPI_TXM2_ST0,8,0x0,输入施密特触发器强度控制. bit 0,Input buffer Schmitt trigger level bit 0,,
,,,,IOBLK_G12_REG_PAD_MIPI_TXM2_ST1,9,0x0,输入施密特触发器强度控制. bit 1,Input buffer Schmitt trigger level bit 1,,
,,,,IOBLK_G12_REG_PAD_MIPI_TXM2_HE,10,0x0,弱电平维持器(Bus holder) 使能 . 0=无效 ; 1=有效,Bus holder enable 0=disable; 1=enable,,
,,,,IOBLK_G12_REG_PAD_MIPI_TXM2_SL,11,0x0,输出电平转换速率限制. 0=无效(较快) ; 1=有效(较慢),Output Buffer Slew Rate Limit 0=disable; 1=enable,,
C1,PAD_MIPI_TXP2,IOBLK_G12_REG_PAD_MIPI_TXP2,0x0300_1C74,IOBLK_G12_REG_PAD_MIPI_TXP2_PU,2,0x0,上拉电阻使能. 0=无效; 1=有效,Pull up enable 0=disable; 1=enable,,
,,,,IOBLK_G12_REG_PAD_MIPI_TXP2_PD,3,0x1,下拉电阻使能. 0=无效; 1=有效,Pull down enable 0=disable; 1=enable,,
,,,,IOBLK_G12_REG_PAD_MIPI_TXP2_DS0,5,0x0,输出驱动能力档位 bit 0,Output buffer Driving Strength bit 0 ,,
,,,,IOBLK_G12_REG_PAD_MIPI_TXP2_DS1,6,0x1,输出驱动能力档位 bit 1,Output buffer Driving Strength bit 1 ,,
,,,,IOBLK_G12_REG_PAD_MIPI_TXP2_ST0,8,0x0,输入施密特触发器强度控制. bit 0,Input buffer Schmitt trigger level bit 0,,
,,,,IOBLK_G12_REG_PAD_MIPI_TXP2_ST1,9,0x0,输入施密特触发器强度控制. bit 1,Input buffer Schmitt trigger level bit 1,,
,,,,IOBLK_G12_REG_PAD_MIPI_TXP2_HE,10,0x0,弱电平维持器(Bus holder) 使能 . 0=无效 ; 1=有效,Bus holder enable 0=disable; 1=enable,,
,,,,IOBLK_G12_REG_PAD_MIPI_TXP2_SL,11,0x0,输出电平转换速率限制. 0=无效(较快) ; 1=有效(较慢),Output Buffer Slew Rate Limit 0=disable; 1=enable,,
D2,PAD_MIPI_TXM1,IOBLK_G12_REG_PAD_MIPI_TXM1,0x0300_1C78,IOBLK_G12_REG_PAD_MIPI_TXM1_PU,2,0x0,上拉电阻使能. 0=无效; 1=有效,Pull up enable 0=disable; 1=enable,,
,,,,IOBLK_G12_REG_PAD_MIPI_TXM1_PD,3,0x1,下拉电阻使能. 0=无效; 1=有效,Pull down enable 0=disable; 1=enable,,
,,,,IOBLK_G12_REG_PAD_MIPI_TXM1_DS0,5,0x0,输出驱动能力档位 bit 0,Output buffer Driving Strength bit 0 ,,
,,,,IOBLK_G12_REG_PAD_MIPI_TXM1_DS1,6,0x1,输出驱动能力档位 bit 1,Output buffer Driving Strength bit 1 ,,
,,,,IOBLK_G12_REG_PAD_MIPI_TXM1_ST0,8,0x0,输入施密特触发器强度控制. bit 0,Input buffer Schmitt trigger level bit 0,,
,,,,IOBLK_G12_REG_PAD_MIPI_TXM1_ST1,9,0x0,输入施密特触发器强度控制. bit 1,Input buffer Schmitt trigger level bit 1,,
,,,,IOBLK_G12_REG_PAD_MIPI_TXM1_HE,10,0x0,弱电平维持器(Bus holder) 使能 . 0=无效 ; 1=有效,Bus holder enable 0=disable; 1=enable,,
,,,,IOBLK_G12_REG_PAD_MIPI_TXM1_SL,11,0x0,输出电平转换速率限制. 0=无效(较快) ; 1=有效(较慢),Output Buffer Slew Rate Limit 0=disable; 1=enable,,
D1,PAD_MIPI_TXP1,IOBLK_G12_REG_PAD_MIPI_TXP1,0x0300_1C7C,IOBLK_G12_REG_PAD_MIPI_TXP1_PU,2,0x0,上拉电阻使能. 0=无效; 1=有效,Pull up enable 0=disable; 1=enable,,
,,,,IOBLK_G12_REG_PAD_MIPI_TXP1_PD,3,0x1,下拉电阻使能. 0=无效; 1=有效,Pull down enable 0=disable; 1=enable,,
,,,,IOBLK_G12_REG_PAD_MIPI_TXP1_DS0,5,0x0,输出驱动能力档位 bit 0,Output buffer Driving Strength bit 0 ,,
,,,,IOBLK_G12_REG_PAD_MIPI_TXP1_DS1,6,0x1,输出驱动能力档位 bit 1,Output buffer Driving Strength bit 1 ,,
,,,,IOBLK_G12_REG_PAD_MIPI_TXP1_ST0,8,0x0,输入施密特触发器强度控制. bit 0,Input buffer Schmitt trigger level bit 0,,
,,,,IOBLK_G12_REG_PAD_MIPI_TXP1_ST1,9,0x0,输入施密特触发器强度控制. bit 1,Input buffer Schmitt trigger level bit 1,,
,,,,IOBLK_G12_REG_PAD_MIPI_TXP1_HE,10,0x0,弱电平维持器(Bus holder) 使能 . 0=无效 ; 1=有效,Bus holder enable 0=disable; 1=enable,,
,,,,IOBLK_G12_REG_PAD_MIPI_TXP1_SL,11,0x0,输出电平转换速率限制. 0=无效(较快) ; 1=有效(较慢),Output Buffer Slew Rate Limit 0=disable; 1=enable,,
E2,PAD_MIPI_TXM0,IOBLK_G12_REG_PAD_MIPI_TXM0,0x0300_1C80,IOBLK_G12_REG_PAD_MIPI_TXM0_PU,2,0x0,上拉电阻使能. 0=无效; 1=有效,Pull up enable 0=disable; 1=enable,,
,,,,IOBLK_G12_REG_PAD_MIPI_TXM0_PD,3,0x1,下拉电阻使能. 0=无效; 1=有效,Pull down enable 0=disable; 1=enable,,
,,,,IOBLK_G12_REG_PAD_MIPI_TXM0_DS0,5,0x0,输出驱动能力档位 bit 0,Output buffer Driving Strength bit 0 ,,
,,,,IOBLK_G12_REG_PAD_MIPI_TXM0_DS1,6,0x1,输出驱动能力档位 bit 1,Output buffer Driving Strength bit 1 ,,
,,,,IOBLK_G12_REG_PAD_MIPI_TXM0_ST0,8,0x0,输入施密特触发器强度控制. bit 0,Input buffer Schmitt trigger level bit 0,,
,,,,IOBLK_G12_REG_PAD_MIPI_TXM0_ST1,9,0x0,输入施密特触发器强度控制. bit 1,Input buffer Schmitt trigger level bit 1,,
,,,,IOBLK_G12_REG_PAD_MIPI_TXM0_HE,10,0x0,弱电平维持器(Bus holder) 使能 . 0=无效 ; 1=有效,Bus holder enable 0=disable; 1=enable,,
,,,,IOBLK_G12_REG_PAD_MIPI_TXM0_SL,11,0x0,输出电平转换速率限制. 0=无效(较快) ; 1=有效(较慢),Output Buffer Slew Rate Limit 0=disable; 1=enable,,
E1,PAD_MIPI_TXP0,IOBLK_G12_REG_PAD_MIPI_TXP0,0x0300_1C84,IOBLK_G12_REG_PAD_MIPI_TXP0_PU,2,0x0,上拉电阻使能. 0=无效; 1=有效,Pull up enable 0=disable; 1=enable,,
,,,,IOBLK_G12_REG_PAD_MIPI_TXP0_PD,3,0x1,下拉电阻使能. 0=无效; 1=有效,Pull down enable 0=disable; 1=enable,,
,,,,IOBLK_G12_REG_PAD_MIPI_TXP0_DS0,5,0x0,输出驱动能力档位 bit 0,Output buffer Driving Strength bit 0 ,,
,,,,IOBLK_G12_REG_PAD_MIPI_TXP0_DS1,6,0x1,输出驱动能力档位 bit 1,Output buffer Driving Strength bit 1 ,,
,,,,IOBLK_G12_REG_PAD_MIPI_TXP0_ST0,8,0x0,输入施密特触发器强度控制. bit 0,Input buffer Schmitt trigger level bit 0,,
,,,,IOBLK_G12_REG_PAD_MIPI_TXP0_ST1,9,0x0,输入施密特触发器强度控制. bit 1,Input buffer Schmitt trigger level bit 1,,
,,,,IOBLK_G12_REG_PAD_MIPI_TXP0_HE,10,0x0,弱电平维持器(Bus holder) 使能 . 0=无效 ; 1=有效,Bus holder enable 0=disable; 1=enable,,
,,,,IOBLK_G12_REG_PAD_MIPI_TXP0_SL,11,0x0,输出电平转换速率限制. 0=无效(较快) ; 1=有效(较慢),Output Buffer Slew Rate Limit 0=disable; 1=enable,,
C15,GPIO_RTX___EPHY_RTX,IOBLK_G12_REG_GPIO_RTX,0x0300_1C8C,IOBLK_G12_REG_GPIO_RTX_PU,2,0x0,上拉电阻使能. 0=无效; 1=有效,Pull up enable 0=disable; 1=enable,,
,,,,IOBLK_G12_REG_GPIO_RTX_PD,3,0x1,下拉电阻使能. 0=无效; 1=有效,Pull down enable 0=disable; 1=enable,,
,,,,IOBLK_G12_REG_GPIO_RTX_DS0,5,0x0,输出驱动能力档位 bit 0,Output buffer Driving Strength bit 0 ,,
,,,,IOBLK_G12_REG_GPIO_RTX_DS1,6,0x1,输出驱动能力档位 bit 1,Output buffer Driving Strength bit 1 ,,
,,,,IOBLK_G12_REG_GPIO_RTX_ST0,8,0x0,输入施密特触发器强度控制. bit 0,Input buffer Schmitt trigger level bit 0,,
,,,,IOBLK_G12_REG_GPIO_RTX_ST1,9,0x0,输入施密特触发器强度控制. bit 1,Input buffer Schmitt trigger level bit 1,,
,,,,IOBLK_G12_REG_GPIO_RTX_HE,10,0x0,弱电平维持器(Bus holder) 使能 . 0=无效 ; 1=有效,Bus holder enable 0=disable; 1=enable,,
,,,,IOBLK_G12_REG_GPIO_RTX_SL,11,0x0,输出电平转换速率限制. 0=无效(较快) ; 1=有效(较慢),Output Buffer Slew Rate Limit 0=disable; 1=enable,,
P11,PWR_VBAT_DET,IOBLK_GRTC_REG_PWR_VBAT_DET,0x0502_7000,IOBLK_GRTC_REG_PWR_VBAT_DET_PU,2,0x0,上拉电阻使能. 0=无效; 1=有效,Pull up enable 0=disable; 1=enable,,
,,,,IOBLK_GRTC_REG_PWR_VBAT_DET_PD,3,0x0,下拉电阻使能. 0=无效; 1=有效,Pull down enable 0=disable; 1=enable,,
,,,,IOBLK_GRTC_REG_PWR_VBAT_DET_DS0,5,0x0,输出驱动能力档位 bit 0,Output buffer Driving Strength bit 0 ,,
,,,,IOBLK_GRTC_REG_PWR_VBAT_DET_DS1,6,0x1,输出驱动能力档位 bit 1,Output buffer Driving Strength bit 1 ,,
,,,,IOBLK_GRTC_REG_PWR_VBAT_DET_ST0,8,0x0,输入施密特触发器强度控制. bit 0,Input buffer Schmitt trigger level bit 0,,
,,,,IOBLK_GRTC_REG_PWR_VBAT_DET_ST1,9,0x0,输入施密特触发器强度控制. bit 1,Input buffer Schmitt trigger level bit 1,,
,,,,IOBLK_GRTC_REG_PWR_VBAT_DET_HE,10,0x0,弱电平维持器(Bus holder) 使能 . 0=无效 ; 1=有效,Bus holder enable 0=disable; 1=enable,,
,,,,IOBLK_GRTC_REG_PWR_VBAT_DET_SL,11,0x0,输出电平转换速率限制. 0=无效(较快) ; 1=有效(较慢),Output Buffer Slew Rate Limit 0=disable; 1=enable,,
R11,PWR_RSTN,IOBLK_GRTC_REG_PWR_RSTN,0x0502_7004,IOBLK_GRTC_REG_PWR_RSTN_PU,2,0x1,上拉电阻使能. 0=无效; 1=有效,Pull up enable 0=disable; 1=enable,,
,,,,IOBLK_GRTC_REG_PWR_RSTN_PD,3,0x0,下拉电阻使能. 0=无效; 1=有效,Pull down enable 0=disable; 1=enable,,
,,,,IOBLK_GRTC_REG_PWR_RSTN_DS0,5,0x0,输出驱动能力档位 bit 0,Output buffer Driving Strength bit 0 ,,
,,,,IOBLK_GRTC_REG_PWR_RSTN_DS1,6,0x1,输出驱动能力档位 bit 1,Output buffer Driving Strength bit 1 ,,
,,,,IOBLK_GRTC_REG_PWR_RSTN_ST0,8,0x0,输入施密特触发器强度控制. bit 0,Input buffer Schmitt trigger level bit 0,,
,,,,IOBLK_GRTC_REG_PWR_RSTN_ST1,9,0x0,输入施密特触发器强度控制. bit 1,Input buffer Schmitt trigger level bit 1,,
,,,,IOBLK_GRTC_REG_PWR_RSTN_HE,10,0x0,弱电平维持器(Bus holder) 使能 . 0=无效 ; 1=有效,Bus holder enable 0=disable; 1=enable,,
,,,,IOBLK_GRTC_REG_PWR_RSTN_SL,11,0x0,输出电平转换速率限制. 0=无效(较快) ; 1=有效(较慢),Output Buffer Slew Rate Limit 0=disable; 1=enable,,
P12,PWR_SEQ1,IOBLK_GRTC_REG_PWR_SEQ1,0x0502_7008,IOBLK_GRTC_REG_PWR_SEQ1_PU,2,0x0,上拉电阻使能. 0=无效; 1=有效,Pull up enable 0=disable; 1=enable,,
,,,,IOBLK_GRTC_REG_PWR_SEQ1_PD,3,0x1,下拉电阻使能. 0=无效; 1=有效,Pull down enable 0=disable; 1=enable,,
,,,,IOBLK_GRTC_REG_PWR_SEQ1_DS0,5,0x0,输出驱动能力档位 bit 0,Output buffer Driving Strength bit 0 ,,
,,,,IOBLK_GRTC_REG_PWR_SEQ1_DS1,6,0x1,输出驱动能力档位 bit 1,Output buffer Driving Strength bit 1 ,,
,,,,IOBLK_GRTC_REG_PWR_SEQ1_ST0,8,0x0,输入施密特触发器强度控制. bit 0,Input buffer Schmitt trigger level bit 0,,
,,,,IOBLK_GRTC_REG_PWR_SEQ1_ST1,9,0x0,输入施密特触发器强度控制. bit 1,Input buffer Schmitt trigger level bit 1,,
,,,,IOBLK_GRTC_REG_PWR_SEQ1_HE,10,0x0,弱电平维持器(Bus holder) 使能 . 0=无效 ; 1=有效,Bus holder enable 0=disable; 1=enable,,
,,,,IOBLK_GRTC_REG_PWR_SEQ1_SL,11,0x0,输出电平转换速率限制. 0=无效(较快) ; 1=有效(较慢),Output Buffer Slew Rate Limit 0=disable; 1=enable,,
R12,PWR_SEQ2,IOBLK_GRTC_REG_PWR_SEQ2,0x0502_700C,IOBLK_GRTC_REG_PWR_SEQ2_PU,2,0x0,上拉电阻使能. 0=无效; 1=有效,Pull up enable 0=disable; 1=enable,,
,,,,IOBLK_GRTC_REG_PWR_SEQ2_PD,3,0x1,下拉电阻使能. 0=无效; 1=有效,Pull down enable 0=disable; 1=enable,,
,,,,IOBLK_GRTC_REG_PWR_SEQ2_DS0,5,0x0,输出驱动能力档位 bit 0,Output buffer Driving Strength bit 0 ,,
,,,,IOBLK_GRTC_REG_PWR_SEQ2_DS1,6,0x1,输出驱动能力档位 bit 1,Output buffer Driving Strength bit 1 ,,
,,,,IOBLK_GRTC_REG_PWR_SEQ2_ST0,8,0x0,输入施密特触发器强度控制. bit 0,Input buffer Schmitt trigger level bit 0,,
,,,,IOBLK_GRTC_REG_PWR_SEQ2_ST1,9,0x0,输入施密特触发器强度控制. bit 1,Input buffer Schmitt trigger level bit 1,,
,,,,IOBLK_GRTC_REG_PWR_SEQ2_HE,10,0x0,弱电平维持器(Bus holder) 使能 . 0=无效 ; 1=有效,Bus holder enable 0=disable; 1=enable,,
,,,,IOBLK_GRTC_REG_PWR_SEQ2_SL,11,0x0,输出电平转换速率限制. 0=无效(较快) ; 1=有效(较慢),Output Buffer Slew Rate Limit 0=disable; 1=enable,,
P10,PWR_SEQ3,IOBLK_GRTC_REG_PWR_SEQ3,0x0502_7010,IOBLK_GRTC_REG_PWR_SEQ3_PU,2,0x0,上拉电阻使能. 0=无效; 1=有效,Pull up enable 0=disable; 1=enable,,
,,,,IOBLK_GRTC_REG_PWR_SEQ3_PD,3,0x1,下拉电阻使能. 0=无效; 1=有效,Pull down enable 0=disable; 1=enable,,
,,,,IOBLK_GRTC_REG_PWR_SEQ3_DS0,5,0x0,输出驱动能力档位 bit 0,Output buffer Driving Strength bit 0 ,,
,,,,IOBLK_GRTC_REG_PWR_SEQ3_DS1,6,0x1,输出驱动能力档位 bit 1,Output buffer Driving Strength bit 1 ,,
,,,,IOBLK_GRTC_REG_PWR_SEQ3_ST0,8,0x0,输入施密特触发器强度控制. bit 0,Input buffer Schmitt trigger level bit 0,,
,,,,IOBLK_GRTC_REG_PWR_SEQ3_ST1,9,0x0,输入施密特触发器强度控制. bit 1,Input buffer Schmitt trigger level bit 1,,
,,,,IOBLK_GRTC_REG_PWR_SEQ3_HE,10,0x0,弱电平维持器(Bus holder) 使能 . 0=无效 ; 1=有效,Bus holder enable 0=disable; 1=enable,,
,,,,IOBLK_GRTC_REG_PWR_SEQ3_SL,11,0x0,输出电平转换速率限制. 0=无效(较快) ; 1=有效(较慢),Output Buffer Slew Rate Limit 0=disable; 1=enable,,
L13,PTEST,IOBLK_GRTC_REG_PTEST,0x0502_7014,IOBLK_GRTC_REG_PTEST_PU,2,0x0,上拉电阻使能. 0=无效; 1=有效,Pull up enable 0=disable; 1=enable,,
,,,,IOBLK_GRTC_REG_PTEST_PD,3,0x1,下拉电阻使能. 0=无效; 1=有效,Pull down enable 0=disable; 1=enable,,
,,,,IOBLK_GRTC_REG_PTEST_DS0,5,0x0,输出驱动能力档位 bit 0,Output buffer Driving Strength bit 0 ,,
,,,,IOBLK_GRTC_REG_PTEST_DS1,6,0x1,输出驱动能力档位 bit 1,Output buffer Driving Strength bit 1 ,,
,,,,IOBLK_GRTC_REG_PTEST_ST0,8,0x0,输入施密特触发器强度控制. bit 0,Input buffer Schmitt trigger level bit 0,,
,,,,IOBLK_GRTC_REG_PTEST_ST1,9,0x0,输入施密特触发器强度控制. bit 1,Input buffer Schmitt trigger level bit 1,,
,,,,IOBLK_GRTC_REG_PTEST_HE,10,0x0,弱电平维持器(Bus holder) 使能 . 0=无效 ; 1=有效,Bus holder enable 0=disable; 1=enable,,
,,,,IOBLK_GRTC_REG_PTEST_SL,11,0x0,输出电平转换速率限制. 0=无效(较快) ; 1=有效(较慢),Output Buffer Slew Rate Limit 0=disable; 1=enable,,
N12,PWR_WAKEUP0,IOBLK_GRTC_REG_PWR_WAKEUP0,0x0502_7018,IOBLK_GRTC_REG_PWR_WAKEUP0_PU,2,0x0,上拉电阻使能. 0=无效; 1=有效,Pull up enable 0=disable; 1=enable,,
,,,,IOBLK_GRTC_REG_PWR_WAKEUP0_PD,3,0x1,下拉电阻使能. 0=无效; 1=有效,Pull down enable 0=disable; 1=enable,,
,,,,IOBLK_GRTC_REG_PWR_WAKEUP0_DS0,5,0x0,输出驱动能力档位 bit 0,Output buffer Driving Strength bit 0 ,,
,,,,IOBLK_GRTC_REG_PWR_WAKEUP0_DS1,6,0x1,输出驱动能力档位 bit 1,Output buffer Driving Strength bit 1 ,,
,,,,IOBLK_GRTC_REG_PWR_WAKEUP0_ST0,8,0x0,输入施密特触发器强度控制. bit 0,Input buffer Schmitt trigger level bit 0,,
,,,,IOBLK_GRTC_REG_PWR_WAKEUP0_ST1,9,0x0,输入施密特触发器强度控制. bit 1,Input buffer Schmitt trigger level bit 1,,
,,,,IOBLK_GRTC_REG_PWR_WAKEUP0_HE,10,0x0,弱电平维持器(Bus holder) 使能 . 0=无效 ; 1=有效,Bus holder enable 0=disable; 1=enable,,
,,,,IOBLK_GRTC_REG_PWR_WAKEUP0_SL,11,0x0,输出电平转换速率限制. 0=无效(较快) ; 1=有效(较慢),Output Buffer Slew Rate Limit 0=disable; 1=enable,,
N11,PWR_WAKEUP1,IOBLK_GRTC_REG_PWR_WAKEUP1,0x0502_701C,IOBLK_GRTC_REG_PWR_WAKEUP1_PU,2,0x0,上拉电阻使能. 0=无效; 1=有效,Pull up enable 0=disable; 1=enable,,
,,,,IOBLK_GRTC_REG_PWR_WAKEUP1_PD,3,0x1,下拉电阻使能. 0=无效; 1=有效,Pull down enable 0=disable; 1=enable,,
,,,,IOBLK_GRTC_REG_PWR_WAKEUP1_DS0,5,0x0,输出驱动能力档位 bit 0,Output buffer Driving Strength bit 0 ,,
,,,,IOBLK_GRTC_REG_PWR_WAKEUP1_DS1,6,0x1,输出驱动能力档位 bit 1,Output buffer Driving Strength bit 1 ,,
,,,,IOBLK_GRTC_REG_PWR_WAKEUP1_ST0,8,0x0,输入施密特触发器强度控制. bit 0,Input buffer Schmitt trigger level bit 0,,
,,,,IOBLK_GRTC_REG_PWR_WAKEUP1_ST1,9,0x0,输入施密特触发器强度控制. bit 1,Input buffer Schmitt trigger level bit 1,,
,,,,IOBLK_GRTC_REG_PWR_WAKEUP1_HE,10,0x0,弱电平维持器(Bus holder) 使能 . 0=无效 ; 1=有效,Bus holder enable 0=disable; 1=enable,,
,,,,IOBLK_GRTC_REG_PWR_WAKEUP1_SL,11,0x0,输出电平转换速率限制. 0=无效(较快) ; 1=有效(较慢),Output Buffer Slew Rate Limit 0=disable; 1=enable,,
P13,PWR_BUTTON1,IOBLK_GRTC_REG_PWR_BUTTON1,0x0502_7020,IOBLK_GRTC_REG_PWR_BUTTON1_PU,2,0x1,上拉电阻使能. 0=无效; 1=有效,Pull up enable 0=disable; 1=enable,,
,,,,IOBLK_GRTC_REG_PWR_BUTTON1_PD,3,0x0,下拉电阻使能. 0=无效; 1=有效,Pull down enable 0=disable; 1=enable,,
,,,,IOBLK_GRTC_REG_PWR_BUTTON1_DS0,5,0x0,输出驱动能力档位 bit 0,Output buffer Driving Strength bit 0 ,,
,,,,IOBLK_GRTC_REG_PWR_BUTTON1_DS1,6,0x1,输出驱动能力档位 bit 1,Output buffer Driving Strength bit 1 ,,
,,,,IOBLK_GRTC_REG_PWR_BUTTON1_ST0,8,0x0,输入施密特触发器强度控制. bit 0,Input buffer Schmitt trigger level bit 0,,
,,,,IOBLK_GRTC_REG_PWR_BUTTON1_ST1,9,0x0,输入施密特触发器强度控制. bit 1,Input buffer Schmitt trigger level bit 1,,
,,,,IOBLK_GRTC_REG_PWR_BUTTON1_HE,10,0x0,弱电平维持器(Bus holder) 使能 . 0=无效 ; 1=有效,Bus holder enable 0=disable; 1=enable,,
,,,,IOBLK_GRTC_REG_PWR_BUTTON1_SL,11,0x0,输出电平转换速率限制. 0=无效(较快) ; 1=有效(较慢),Output Buffer Slew Rate Limit 0=disable; 1=enable,,
M11,PWR_ON,IOBLK_GRTC_REG_PWR_ON,0x0502_7024,IOBLK_GRTC_REG_PWR_ON_PU,2,0x0,上拉电阻使能. 0=无效; 1=有效,Pull up enable 0=disable; 1=enable,,
,,,,IOBLK_GRTC_REG_PWR_ON_PD,3,0x1,下拉电阻使能. 0=无效; 1=有效,Pull down enable 0=disable; 1=enable,,
,,,,IOBLK_GRTC_REG_PWR_ON_DS0,5,0x0,输出驱动能力档位 bit 0,Output buffer Driving Strength bit 0 ,,
,,,,IOBLK_GRTC_REG_PWR_ON_DS1,6,0x1,输出驱动能力档位 bit 1,Output buffer Driving Strength bit 1 ,,
,,,,IOBLK_GRTC_REG_PWR_ON_ST0,8,0x0,输入施密特触发器强度控制. bit 0,Input buffer Schmitt trigger level bit 0,,
,,,,IOBLK_GRTC_REG_PWR_ON_ST1,9,0x0,输入施密特触发器强度控制. bit 1,Input buffer Schmitt trigger level bit 1,,
,,,,IOBLK_GRTC_REG_PWR_ON_HE,10,0x0,弱电平维持器(Bus holder) 使能 . 0=无效 ; 1=有效,Bus holder enable 0=disable; 1=enable,,
,,,,IOBLK_GRTC_REG_PWR_ON_SL,11,0x0,输出电平转换速率限制. 0=无效(较快) ; 1=有效(较慢),Output Buffer Slew Rate Limit 0=disable; 1=enable,,
R13,XTAL_XIN,IOBLK_GRTC_REG_XTAL_XIN,0x0502_7028,IOBLK_GRTC_REG_XTAL_XIN_XDS0,14,0x0,晶振输出驱动能力档位 bit 0,Xtal buffer Driving Strength bit 0 ,,
,,,,IOBLK_GRTC_REG_XTAL_XIN_XDS1,15,0x0,晶振输出驱动能力档位 bit 1,Xtal buffer Driving Strength bit 1 ,,
,,,,IOBLK_GRTC_REG_XTAL_XIN_XDS2,16,0x1,晶振输出驱动能力档位 bit 2,Xtal buffer Driving Strength bit 2 ,,
M13,PWR_GPIO0,IOBLK_GRTC_REG_PWR_GPIO0,0x0502_702C,IOBLK_GRTC_REG_PWR_GPIO0_PU,2,0x0,上拉电阻使能. 0=无效; 1=有效,Pull up enable 0=disable; 1=enable,,
,,,,IOBLK_GRTC_REG_PWR_GPIO0_PD,3,0x1,下拉电阻使能. 0=无效; 1=有效,Pull down enable 0=disable; 1=enable,,
,,,,IOBLK_GRTC_REG_PWR_GPIO0_DS0,5,0x0,输出驱动能力档位 bit 0,Output buffer Driving Strength bit 0 ,,
,,,,IOBLK_GRTC_REG_PWR_GPIO0_DS1,6,0x1,输出驱动能力档位 bit 1,Output buffer Driving Strength bit 1 ,,
,,,,IOBLK_GRTC_REG_PWR_GPIO0_ST0,8,0x0,输入施密特触发器强度控制. bit 0,Input buffer Schmitt trigger level bit 0,,
,,,,IOBLK_GRTC_REG_PWR_GPIO0_ST1,9,0x0,输入施密特触发器强度控制. bit 1,Input buffer Schmitt trigger level bit 1,,
,,,,IOBLK_GRTC_REG_PWR_GPIO0_HE,10,0x0,弱电平维持器(Bus holder) 使能 . 0=无效 ; 1=有效,Bus holder enable 0=disable; 1=enable,,
,,,,IOBLK_GRTC_REG_PWR_GPIO0_SL,11,0x0,输出电平转换速率限制. 0=无效(较快) ; 1=有效(较慢),Output Buffer Slew Rate Limit 0=disable; 1=enable,,
N13,PWR_GPIO1,IOBLK_GRTC_REG_PWR_GPIO1,0x0502_7030,IOBLK_GRTC_REG_PWR_GPIO1_PU,2,0x0,上拉电阻使能. 0=无效; 1=有效,Pull up enable 0=disable; 1=enable,,
,,,,IOBLK_GRTC_REG_PWR_GPIO1_PD,3,0x1,下拉电阻使能. 0=无效; 1=有效,Pull down enable 0=disable; 1=enable,,
,,,,IOBLK_GRTC_REG_PWR_GPIO1_DS0,5,0x0,输出驱动能力档位 bit 0,Output buffer Driving Strength bit 0 ,,
,,,,IOBLK_GRTC_REG_PWR_GPIO1_DS1,6,0x1,输出驱动能力档位 bit 1,Output buffer Driving Strength bit 1 ,,
,,,,IOBLK_GRTC_REG_PWR_GPIO1_ST0,8,0x0,输入施密特触发器强度控制. bit 0,Input buffer Schmitt trigger level bit 0,,
,,,,IOBLK_GRTC_REG_PWR_GPIO1_ST1,9,0x0,输入施密特触发器强度控制. bit 1,Input buffer Schmitt trigger level bit 1,,
,,,,IOBLK_GRTC_REG_PWR_GPIO1_HE,10,0x0,弱电平维持器(Bus holder) 使能 . 0=无效 ; 1=有效,Bus holder enable 0=disable; 1=enable,,
,,,,IOBLK_GRTC_REG_PWR_GPIO1_SL,11,0x0,输出电平转换速率限制. 0=无效(较快) ; 1=有效(较慢),Output Buffer Slew Rate Limit 0=disable; 1=enable,,
M12,PWR_GPIO2,IOBLK_GRTC_REG_PWR_GPIO2,0x0502_7034,IOBLK_GRTC_REG_PWR_GPIO2_PU,2,0x0,上拉电阻使能. 0=无效; 1=有效,Pull up enable 0=disable; 1=enable,,
,,,,IOBLK_GRTC_REG_PWR_GPIO2_PD,3,0x1,下拉电阻使能. 0=无效; 1=有效,Pull down enable 0=disable; 1=enable,,
,,,,IOBLK_GRTC_REG_PWR_GPIO2_DS0,5,0x0,输出驱动能力档位 bit 0,Output buffer Driving Strength bit 0 ,,
,,,,IOBLK_GRTC_REG_PWR_GPIO2_DS1,6,0x1,输出驱动能力档位 bit 1,Output buffer Driving Strength bit 1 ,,
,,,,IOBLK_GRTC_REG_PWR_GPIO2_ST0,8,0x0,输入施密特触发器强度控制. bit 0,Input buffer Schmitt trigger level bit 0,,
,,,,IOBLK_GRTC_REG_PWR_GPIO2_ST1,9,0x0,输入施密特触发器强度控制. bit 1,Input buffer Schmitt trigger level bit 1,,
,,,,IOBLK_GRTC_REG_PWR_GPIO2_HE,10,0x0,弱电平维持器(Bus holder) 使能 . 0=无效 ; 1=有效,Bus holder enable 0=disable; 1=enable,,
,,,,IOBLK_GRTC_REG_PWR_GPIO2_SL,11,0x0,输出电平转换速率限制. 0=无效(较快) ; 1=有效(较慢),Output Buffer Slew Rate Limit 0=disable; 1=enable,,
L14,CLK32K,IOBLK_GRTC_REG_CLK32K,0x0502_7038,IOBLK_GRTC_REG_CLK32K_PU,2,0x0,上拉电阻使能. 0=无效; 1=有效,Pull up enable 0=disable; 1=enable,,
,,,,IOBLK_GRTC_REG_CLK32K_PD,3,0x1,下拉电阻使能. 0=无效; 1=有效,Pull down enable 0=disable; 1=enable,,
,,,,IOBLK_GRTC_REG_CLK32K_DS0,5,0x0,输出驱动能力档位 bit 0,Output buffer Driving Strength bit 0 ,,
,,,,IOBLK_GRTC_REG_CLK32K_DS1,6,0x1,输出驱动能力档位 bit 1,Output buffer Driving Strength bit 1 ,,
,,,,IOBLK_GRTC_REG_CLK32K_ST0,8,0x0,输入施密特触发器强度控制. bit 0,Input buffer Schmitt trigger level bit 0,,
,,,,IOBLK_GRTC_REG_CLK32K_ST1,9,0x0,输入施密特触发器强度控制. bit 1,Input buffer Schmitt trigger level bit 1,,
,,,,IOBLK_GRTC_REG_CLK32K_HE,10,0x0,弱电平维持器(Bus holder) 使能 . 0=无效 ; 1=有效,Bus holder enable 0=disable; 1=enable,,
,,,,IOBLK_GRTC_REG_CLK32K_SL,11,0x0,输出电平转换速率限制. 0=无效(较快) ; 1=有效(较慢),Output Buffer Slew Rate Limit 0=disable; 1=enable,,
M14,CLK25M,IOBLK_GRTC_REG_CLK25M,0x0502_703C,IOBLK_GRTC_REG_CLK25M_PU,2,0x0,上拉电阻使能. 0=无效; 1=有效,Pull up enable 0=disable; 1=enable,,
,,,,IOBLK_GRTC_REG_CLK25M_PD,3,0x1,下拉电阻使能. 0=无效; 1=有效,Pull down enable 0=disable; 1=enable,,
,,,,IOBLK_GRTC_REG_CLK25M_DS0,5,0x0,输出驱动能力档位 bit 0,Output buffer Driving Strength bit 0 ,,
,,,,IOBLK_GRTC_REG_CLK25M_DS1,6,0x1,输出驱动能力档位 bit 1,Output buffer Driving Strength bit 1 ,,
,,,,IOBLK_GRTC_REG_CLK25M_ST0,8,0x0,输入施密特触发器强度控制. bit 0,Input buffer Schmitt trigger level bit 0,,
,,,,IOBLK_GRTC_REG_CLK25M_ST1,9,0x0,输入施密特触发器强度控制. bit 1,Input buffer Schmitt trigger level bit 1,,
,,,,IOBLK_GRTC_REG_CLK25M_HE,10,0x0,弱电平维持器(Bus holder) 使能 . 0=无效 ; 1=有效,Bus holder enable 0=disable; 1=enable,,
,,,,IOBLK_GRTC_REG_CLK25M_SL,11,0x0,输出电平转换速率限制. 0=无效(较快) ; 1=有效(较慢),Output Buffer Slew Rate Limit 0=disable; 1=enable,,
J13,IIC2_SCL,IOBLK_GRTC_REG_IIC2_SCL,0x0502_7040,IOBLK_GRTC_REG_IIC2_SCL_PU,2,0x0,上拉电阻使能. 0=无效; 1=有效,Pull up enable 0=disable; 1=enable,,
,,,,IOBLK_GRTC_REG_IIC2_SCL_PD,3,0x1,下拉电阻使能. 0=无效; 1=有效,Pull down enable 0=disable; 1=enable,,
,,,,IOBLK_GRTC_REG_IIC2_SCL_DS0,5,0x0,输出驱动能力档位 bit 0,Output buffer Driving Strength bit 0 ,,
,,,,IOBLK_GRTC_REG_IIC2_SCL_DS1,6,0x1,输出驱动能力档位 bit 1,Output buffer Driving Strength bit 1 ,,
,,,,IOBLK_GRTC_REG_IIC2_SCL_ST0,8,0x0,输入施密特触发器强度控制. bit 0,Input buffer Schmitt trigger level bit 0,,
,,,,IOBLK_GRTC_REG_IIC2_SCL_ST1,9,0x0,输入施密特触发器强度控制. bit 1,Input buffer Schmitt trigger level bit 1,,
,,,,IOBLK_GRTC_REG_IIC2_SCL_HE,10,0x0,弱电平维持器(Bus holder) 使能 . 0=无效 ; 1=有效,Bus holder enable 0=disable; 1=enable,,
,,,,IOBLK_GRTC_REG_IIC2_SCL_SL,11,0x0,输出电平转换速率限制. 0=无效(较快) ; 1=有效(较慢),Output Buffer Slew Rate Limit 0=disable; 1=enable,,
J14,IIC2_SDA,IOBLK_GRTC_REG_IIC2_SDA,0x0502_7044,IOBLK_GRTC_REG_IIC2_SDA_PU,2,0x0,上拉电阻使能. 0=无效; 1=有效,Pull up enable 0=disable; 1=enable,,
,,,,IOBLK_GRTC_REG_IIC2_SDA_PD,3,0x1,下拉电阻使能. 0=无效; 1=有效,Pull down enable 0=disable; 1=enable,,
,,,,IOBLK_GRTC_REG_IIC2_SDA_DS0,5,0x0,输出驱动能力档位 bit 0,Output buffer Driving Strength bit 0 ,,
,,,,IOBLK_GRTC_REG_IIC2_SDA_DS1,6,0x1,输出驱动能力档位 bit 1,Output buffer Driving Strength bit 1 ,,
,,,,IOBLK_GRTC_REG_IIC2_SDA_ST0,8,0x0,输入施密特触发器强度控制. bit 0,Input buffer Schmitt trigger level bit 0,,
,,,,IOBLK_GRTC_REG_IIC2_SDA_ST1,9,0x0,输入施密特触发器强度控制. bit 1,Input buffer Schmitt trigger level bit 1,,
,,,,IOBLK_GRTC_REG_IIC2_SDA_HE,10,0x0,弱电平维持器(Bus holder) 使能 . 0=无效 ; 1=有效,Bus holder enable 0=disable; 1=enable,,
,,,,IOBLK_GRTC_REG_IIC2_SDA_SL,11,0x0,输出电平转换速率限制. 0=无效(较快) ; 1=有效(较慢),Output Buffer Slew Rate Limit 0=disable; 1=enable,,
K15,UART2_TX,IOBLK_GRTC_REG_UART2_TX,0x0502_7048,IOBLK_GRTC_REG_UART2_TX_PU,2,0x0,上拉电阻使能. 0=无效; 1=有效,Pull up enable 0=disable; 1=enable,,
,,,,IOBLK_GRTC_REG_UART2_TX_PD,3,0x1,下拉电阻使能. 0=无效; 1=有效,Pull down enable 0=disable; 1=enable,,
,,,,IOBLK_GRTC_REG_UART2_TX_DS0,5,0x0,输出驱动能力档位 bit 0,Output buffer Driving Strength bit 0 ,,
,,,,IOBLK_GRTC_REG_UART2_TX_DS1,6,0x1,输出驱动能力档位 bit 1,Output buffer Driving Strength bit 1 ,,
,,,,IOBLK_GRTC_REG_UART2_TX_ST0,8,0x0,输入施密特触发器强度控制. bit 0,Input buffer Schmitt trigger level bit 0,,
,,,,IOBLK_GRTC_REG_UART2_TX_ST1,9,0x0,输入施密特触发器强度控制. bit 1,Input buffer Schmitt trigger level bit 1,,
,,,,IOBLK_GRTC_REG_UART2_TX_HE,10,0x0,弱电平维持器(Bus holder) 使能 . 0=无效 ; 1=有效,Bus holder enable 0=disable; 1=enable,,
,,,,IOBLK_GRTC_REG_UART2_TX_SL,11,0x0,输出电平转换速率限制. 0=无效(较快) ; 1=有效(较慢),Output Buffer Slew Rate Limit 0=disable; 1=enable,,
L15,UART2_RTS,IOBLK_GRTC_REG_UART2_RTS,0x0502_704C,IOBLK_GRTC_REG_UART2_RTS_PU,2,0x0,上拉电阻使能. 0=无效; 1=有效,Pull up enable 0=disable; 1=enable,,
,,,,IOBLK_GRTC_REG_UART2_RTS_PD,3,0x1,下拉电阻使能. 0=无效; 1=有效,Pull down enable 0=disable; 1=enable,,
,,,,IOBLK_GRTC_REG_UART2_RTS_DS0,5,0x0,输出驱动能力档位 bit 0,Output buffer Driving Strength bit 0 ,,
,,,,IOBLK_GRTC_REG_UART2_RTS_DS1,6,0x1,输出驱动能力档位 bit 1,Output buffer Driving Strength bit 1 ,,
,,,,IOBLK_GRTC_REG_UART2_RTS_ST0,8,0x0,输入施密特触发器强度控制. bit 0,Input buffer Schmitt trigger level bit 0,,
,,,,IOBLK_GRTC_REG_UART2_RTS_ST1,9,0x0,输入施密特触发器强度控制. bit 1,Input buffer Schmitt trigger level bit 1,,
,,,,IOBLK_GRTC_REG_UART2_RTS_HE,10,0x0,弱电平维持器(Bus holder) 使能 . 0=无效 ; 1=有效,Bus holder enable 0=disable; 1=enable,,
,,,,IOBLK_GRTC_REG_UART2_RTS_SL,11,0x0,输出电平转换速率限制. 0=无效(较快) ; 1=有效(较慢),Output Buffer Slew Rate Limit 0=disable; 1=enable,,
K13,UART2_RX,IOBLK_GRTC_REG_UART2_RX,0x0502_7050,IOBLK_GRTC_REG_UART2_RX_PU,2,0x0,上拉电阻使能. 0=无效; 1=有效,Pull up enable 0=disable; 1=enable,,
,,,,IOBLK_GRTC_REG_UART2_RX_PD,3,0x1,下拉电阻使能. 0=无效; 1=有效,Pull down enable 0=disable; 1=enable,,
,,,,IOBLK_GRTC_REG_UART2_RX_DS0,5,0x0,输出驱动能力档位 bit 0,Output buffer Driving Strength bit 0 ,,
,,,,IOBLK_GRTC_REG_UART2_RX_DS1,6,0x1,输出驱动能力档位 bit 1,Output buffer Driving Strength bit 1 ,,
,,,,IOBLK_GRTC_REG_UART2_RX_ST0,8,0x0,输入施密特触发器强度控制. bit 0,Input buffer Schmitt trigger level bit 0,,
,,,,IOBLK_GRTC_REG_UART2_RX_ST1,9,0x0,输入施密特触发器强度控制. bit 1,Input buffer Schmitt trigger level bit 1,,
,,,,IOBLK_GRTC_REG_UART2_RX_HE,10,0x0,弱电平维持器(Bus holder) 使能 . 0=无效 ; 1=有效,Bus holder enable 0=disable; 1=enable,,
,,,,IOBLK_GRTC_REG_UART2_RX_SL,11,0x0,输出电平转换速率限制. 0=无效(较快) ; 1=有效(较慢),Output Buffer Slew Rate Limit 0=disable; 1=enable,,
K14,UART2_CTS,IOBLK_GRTC_REG_UART2_CTS,0x0502_7054,IOBLK_GRTC_REG_UART2_CTS_PU,2,0x0,上拉电阻使能. 0=无效; 1=有效,Pull up enable 0=disable; 1=enable,,
,,,,IOBLK_GRTC_REG_UART2_CTS_PD,3,0x1,下拉电阻使能. 0=无效; 1=有效,Pull down enable 0=disable; 1=enable,,
,,,,IOBLK_GRTC_REG_UART2_CTS_DS0,5,0x0,输出驱动能力档位 bit 0,Output buffer Driving Strength bit 0 ,,
,,,,IOBLK_GRTC_REG_UART2_CTS_DS1,6,0x1,输出驱动能力档位 bit 1,Output buffer Driving Strength bit 1 ,,
,,,,IOBLK_GRTC_REG_UART2_CTS_ST0,8,0x0,输入施密特触发器强度控制. bit 0,Input buffer Schmitt trigger level bit 0,,
,,,,IOBLK_GRTC_REG_UART2_CTS_ST1,9,0x0,输入施密特触发器强度控制. bit 1,Input buffer Schmitt trigger level bit 1,,
,,,,IOBLK_GRTC_REG_UART2_CTS_HE,10,0x0,弱电平维持器(Bus holder) 使能 . 0=无效 ; 1=有效,Bus holder enable 0=disable; 1=enable,,
,,,,IOBLK_GRTC_REG_UART2_CTS_SL,11,0x0,输出电平转换速率限制. 0=无效(较快) ; 1=有效(较慢),Output Buffer Slew Rate Limit 0=disable; 1=enable,,
G13,SD1_D3,IOBLK_GRTC_REG_SD1_D3,0x0502_7058,IOBLK_GRTC_REG_SD1_D3_PU,2,0x0,上拉电阻使能. 0=无效; 1=有效,Pull up enable 0=disable; 1=enable,,
,,,,IOBLK_GRTC_REG_SD1_D3_PD,3,0x1,下拉电阻使能. 0=无效; 1=有效,Pull down enable 0=disable; 1=enable,,
,,,,IOBLK_GRTC_REG_SD1_D3_DS0,5,0x0,输出驱动能力档位 bit 0,Output buffer Driving Strength bit 0 ,,
,,,,IOBLK_GRTC_REG_SD1_D3_DS1,6,0x1,输出驱动能力档位 bit 1,Output buffer Driving Strength bit 1 ,,
,,,,IOBLK_GRTC_REG_SD1_D3_DS2,7,0x0,输出驱动能力档位 bit 2,Output buffer Driving Strength bit 2 ,,
,,,,IOBLK_GRTC_REG_SD1_D3_ST0,8,0x0,输入施密特触发器强度控制. bit 0,Input buffer Schmitt trigger level bit 0,,
,,,,IOBLK_GRTC_REG_SD1_D3_SL,11,0x0,输出电平转换速率限制. 0=无效(较快) ; 1=有效(较慢),Output Buffer Slew Rate Limit 0=disable; 1=enable,,
F14,SD1_D2,IOBLK_GRTC_REG_SD1_D2,0x0502_705C,IOBLK_GRTC_REG_SD1_D2_PU,2,0x0,上拉电阻使能. 0=无效; 1=有效,Pull up enable 0=disable; 1=enable,,
,,,,IOBLK_GRTC_REG_SD1_D2_PD,3,0x1,下拉电阻使能. 0=无效; 1=有效,Pull down enable 0=disable; 1=enable,,
,,,,IOBLK_GRTC_REG_SD1_D2_DS0,5,0x0,输出驱动能力档位 bit 0,Output buffer Driving Strength bit 0 ,,
,,,,IOBLK_GRTC_REG_SD1_D2_DS1,6,0x1,输出驱动能力档位 bit 1,Output buffer Driving Strength bit 1 ,,
,,,,IOBLK_GRTC_REG_SD1_D2_DS2,7,0x0,输出驱动能力档位 bit 2,Output buffer Driving Strength bit 2 ,,
,,,,IOBLK_GRTC_REG_SD1_D2_ST0,8,0x0,输入施密特触发器强度控制. bit 0,Input buffer Schmitt trigger level bit 0,,
,,,,IOBLK_GRTC_REG_SD1_D2_SL,11,0x0,输出电平转换速率限制. 0=无效(较快) ; 1=有效(较慢),Output Buffer Slew Rate Limit 0=disable; 1=enable,,
H14,SD1_D1,IOBLK_GRTC_REG_SD1_D1,0x0502_7060,IOBLK_GRTC_REG_SD1_D1_PU,2,0x0,上拉电阻使能. 0=无效; 1=有效,Pull up enable 0=disable; 1=enable,,
,,,,IOBLK_GRTC_REG_SD1_D1_PD,3,0x1,下拉电阻使能. 0=无效; 1=有效,Pull down enable 0=disable; 1=enable,,
,,,,IOBLK_GRTC_REG_SD1_D1_DS0,5,0x0,输出驱动能力档位 bit 0,Output buffer Driving Strength bit 0 ,,
,,,,IOBLK_GRTC_REG_SD1_D1_DS1,6,0x1,输出驱动能力档位 bit 1,Output buffer Driving Strength bit 1 ,,
,,,,IOBLK_GRTC_REG_SD1_D1_DS2,7,0x0,输出驱动能力档位 bit 2,Output buffer Driving Strength bit 2 ,,
,,,,IOBLK_GRTC_REG_SD1_D1_ST0,8,0x0,输入施密特触发器强度控制. bit 0,Input buffer Schmitt trigger level bit 0,,
,,,,IOBLK_GRTC_REG_SD1_D1_SL,11,0x0,输出电平转换速率限制. 0=无效(较快) ; 1=有效(较慢),Output Buffer Slew Rate Limit 0=disable; 1=enable,,
H15,SD1_D0,IOBLK_GRTC_REG_SD1_D0,0x0502_7064,IOBLK_GRTC_REG_SD1_D0_PU,2,0x0,上拉电阻使能. 0=无效; 1=有效,Pull up enable 0=disable; 1=enable,,
,,,,IOBLK_GRTC_REG_SD1_D0_PD,3,0x1,下拉电阻使能. 0=无效; 1=有效,Pull down enable 0=disable; 1=enable,,
,,,,IOBLK_GRTC_REG_SD1_D0_DS0,5,0x0,输出驱动能力档位 bit 0,Output buffer Driving Strength bit 0 ,,
,,,,IOBLK_GRTC_REG_SD1_D0_DS1,6,0x1,输出驱动能力档位 bit 1,Output buffer Driving Strength bit 1 ,,
,,,,IOBLK_GRTC_REG_SD1_D0_DS2,7,0x0,输出驱动能力档位 bit 2,Output buffer Driving Strength bit 2 ,,
,,,,IOBLK_GRTC_REG_SD1_D0_ST0,8,0x0,输入施密特触发器强度控制. bit 0,Input buffer Schmitt trigger level bit 0,,
,,,,IOBLK_GRTC_REG_SD1_D0_SL,11,0x0,输出电平转换速率限制. 0=无效(较快) ; 1=有效(较慢),Output Buffer Slew Rate Limit 0=disable; 1=enable,,
G15,SD1_CMD,IOBLK_GRTC_REG_SD1_CMD,0x0502_7068,IOBLK_GRTC_REG_SD1_CMD_PU,2,0x0,上拉电阻使能. 0=无效; 1=有效,Pull up enable 0=disable; 1=enable,,
,,,,IOBLK_GRTC_REG_SD1_CMD_PD,3,0x1,下拉电阻使能. 0=无效; 1=有效,Pull down enable 0=disable; 1=enable,,
,,,,IOBLK_GRTC_REG_SD1_CMD_DS0,5,0x0,输出驱动能力档位 bit 0,Output buffer Driving Strength bit 0 ,,
,,,,IOBLK_GRTC_REG_SD1_CMD_DS1,6,0x1,输出驱动能力档位 bit 1,Output buffer Driving Strength bit 1 ,,
,,,,IOBLK_GRTC_REG_SD1_CMD_DS2,7,0x0,输出驱动能力档位 bit 2,Output buffer Driving Strength bit 2 ,,
,,,,IOBLK_GRTC_REG_SD1_CMD_ST0,8,0x0,输入施密特触发器强度控制. bit 0,Input buffer Schmitt trigger level bit 0,,
,,,,IOBLK_GRTC_REG_SD1_CMD_SL,11,0x0,输出电平转换速率限制. 0=无效(较快) ; 1=有效(较慢),Output Buffer Slew Rate Limit 0=disable; 1=enable,,
G14,SD1_CLK,IOBLK_GRTC_REG_SD1_CLK,0x0502_706C,IOBLK_GRTC_REG_SD1_CLK_PU,2,0x0,上拉电阻使能. 0=无效; 1=有效,Pull up enable 0=disable; 1=enable,,
,,,,IOBLK_GRTC_REG_SD1_CLK_PD,3,0x1,下拉电阻使能. 0=无效; 1=有效,Pull down enable 0=disable; 1=enable,,
,,,,IOBLK_GRTC_REG_SD1_CLK_DS0,5,0x0,输出驱动能力档位 bit 0,Output buffer Driving Strength bit 0 ,,
,,,,IOBLK_GRTC_REG_SD1_CLK_DS1,6,0x1,输出驱动能力档位 bit 1,Output buffer Driving Strength bit 1 ,,
,,,,IOBLK_GRTC_REG_SD1_CLK_DS2,7,0x0,输出驱动能力档位 bit 2,Output buffer Driving Strength bit 2 ,,
,,,,IOBLK_GRTC_REG_SD1_CLK_ST0,8,0x0,输入施密特触发器强度控制. bit 0,Input buffer Schmitt trigger level bit 0,,
,,,,IOBLK_GRTC_REG_SD1_CLK_SL,11,0x0,输出电平转换速率限制. 0=无效(较快) ; 1=有效(较慢),Output Buffer Slew Rate Limit 0=disable; 1=enable,,
R10,GPIO_ZQ___PAD_ZQ,IOBLK_GRTC_REG_GPIO_ZQ,0x0502_70E0,IOBLK_GRTC_REG_GPIO_ZQ_PU,2,0x0,上拉电阻使能. 0=无效; 1=有效,Pull up enable 0=disable; 1=enable,,
,,,,IOBLK_GRTC_REG_GPIO_ZQ_PD,3,0x1,下拉电阻使能. 0=无效; 1=有效,Pull down enable 0=disable; 1=enable,,
,,,,IOBLK_GRTC_REG_GPIO_ZQ_DS0,5,0x0,输出驱动能力档位 bit 0,Output buffer Driving Strength bit 0 ,,
,,,,IOBLK_GRTC_REG_GPIO_ZQ_DS1,6,0x1,输出驱动能力档位 bit 1,Output buffer Driving Strength bit 1 ,,
,,,,IOBLK_GRTC_REG_GPIO_ZQ_ST0,8,0x0,输入施密特触发器强度控制. bit 0,Input buffer Schmitt trigger level bit 0,,
,,,,IOBLK_GRTC_REG_GPIO_ZQ_ST1,9,0x0,输入施密特触发器强度控制. bit 1,Input buffer Schmitt trigger level bit 1,,
,,,,IOBLK_GRTC_REG_GPIO_ZQ_HE,10,0x0,弱电平维持器(Bus holder) 使能 . 0=无效 ; 1=有效,Bus holder enable 0=disable; 1=enable,,
,,,,IOBLK_GRTC_REG_GPIO_ZQ_SL,11,0x0,输出电平转换速率限制. 0=无效(较快) ; 1=有效(较慢),Output Buffer Slew Rate Limit 0=disable; 1=enable,,
